firstName,lastName,email,phone,address1,city,state,postalCode,companyName,tags,source,jurisdiction,docType,recordedDate,docNumber,parcelId,assessedValue,salePrice,saleRatio,totalDue,yearsDelinquent,score,scrapedAt
WBB,HOMES LLC,,,2224 Perry St,Richmond,VA,,,Foreclosure / Forced Sale,Richmond City GIS,Richmond City,Foreclosure / Forced Sale,2024-01-10,BS,S0000487001,260000,155000,0.596,,,97,2026-09-17T12:19:10.891793Z
GIBBS,PHILLIP MICHAEL DREWRY &,,,2919 Garland Ave,Richmond,VA,,,Foreclosure / Forced Sale,Richmond City GIS,Richmond City,Foreclosure / Forced Sale,2024-01-10,DF,N0000892022,411000,221000,0.538,,,97,2026-09-17T12:19:10.891798Z
PETERS,KARIE,,,601 Hancock St,Richmond,VA,,,Foreclosure / Forced Sale,Richmond City GIS,Richmond City,Foreclosure / Forced Sale,2024-01-18,BS,N0000388064,347000,206000,0.594,,,97,2026-09-17T12:19:10.891763Z
FANELLI,CHARLES RYAN,,,2000 Grove Ave,Richmond,VA,,,Foreclosure / Forced Sale,Richmond City GIS,Richmond City,Foreclosure / Forced Sale,2024-01-24,DF,W0000904019,649000,362000,0.558,,,97,2026-09-17T12:19:10.891749Z
DIAZ,MARIBEL AND DIAZ EMETERIO,,,2050 Hopkins Road,Richmond,VA,,,Foreclosure / Forced Sale,Richmond City GIS,Richmond City,Foreclosure / Forced Sale,2024-02-09,DF,C0090350014,276000,142000,0.514,,,97,2026-09-17T12:19:10.891728Z
SEWELL,RYAN,,,911 Hill Top Dr,Richmond,VA,,,Foreclosure / Forced Sale,Richmond City GIS,Richmond City,Foreclosure / Forced Sale,2024-03-05,BS,S0060392017,154000,75000,0.487,,,97,2026-09-17T12:19:10.891696Z
CARIOTI,ADRIANA AND,,,4026 Crutchfield St,Richmond,VA,,,Foreclosure / Forced Sale,Richmond City GIS,Richmond City,Foreclosure / Forced Sale,2024-03-15,BS,S0002915001,270000,150000,0.556,,,97,2026-09-17T12:19:10.891672Z
BUTLER,MARSHA G,,,1300 W 42nd St,Richmond,VA,,,Foreclosure / Forced Sale,Richmond City GIS,Richmond City,Foreclosure / Forced Sale,2024-03-15,BS,S0002792010,624000,350000,0.561,,,97,2026-09-17T12:19:10.891677Z
SIMMONS,NATHAN T,,,2908 Midlothian Tpke,Richmond,VA,,,Foreclosure / Forced Sale,Richmond City GIS,Richmond City,Foreclosure / Forced Sale,2024-03-21,BS,S0001226006,124000,45000,0.363,,,97,2026-09-17T12:19:10.891662Z
HALL,BRIAN HOMES LLC,,,2207 Gordon Ave,Richmond,VA,,,Foreclosure / Forced Sale,Richmond City GIS,Richmond City,Foreclosure / Forced Sale,2024-04-08,BS,S0000549012,210000,121000,0.576,,,97,2026-09-17T12:19:10.891642Z
MASSENBURG,JAMES III,,,5423 Bryce Lane,Richmond,VA,,,Foreclosure / Forced Sale,Richmond City GIS,Richmond City,Foreclosure / Forced Sale,2024-04-11,BS,C0080294012,186000,100000,0.538,,,97,2026-09-17T12:19:10.891631Z
MOTTA,HOME RENOVATIONS LLC,,,1809 Newman Road,Richmond,VA,,,Foreclosure / Forced Sale,Richmond City GIS,Richmond City,Foreclosure / Forced Sale,2024-04-19,DF,E0110144017,222000,96500,0.435,,,97,2026-09-17T12:19:10.891618Z
GONZALEZ,EDWARD ESTUARDO ZULETA,,,2023 Dinwiddie Ave,Richmond,VA,,,Foreclosure / Forced Sale,Richmond City GIS,Richmond City,Foreclosure / Forced Sale,2024-06-04,BS,S0000346024,244000,125000,0.512,,,97,2026-09-17T12:19:10.891450Z
DOGGETT,ROBERT AND,,,916 Bradley Lane,Richmond,VA,,,Foreclosure / Forced Sale,Richmond City GIS,Richmond City,Foreclosure / Forced Sale,2024-06-20,BS,C0050686054,197000,95000,0.482,,,97,2026-09-17T12:19:10.891434Z
HIDALGO,CHAVEZ WILLIAM,,,2505 Afton Ave,Richmond,VA,,,Foreclosure / Forced Sale,Richmond City GIS,Richmond City,Foreclosure / Forced Sale,2024-06-24,BS,S0071677018,111000,40000,0.36,,,97,2026-09-17T12:19:10.891417Z
BETTER,PROPERTIES LLC,,,3916 Corbin St,Richmond,VA,,,Foreclosure / Forced Sale,Richmond City GIS,Richmond City,Foreclosure / Forced Sale,2024-06-25,BS,N0180531014,193000,85000,0.44,,,97,2026-09-17T12:19:10.891397Z
PINK,ELEPHANT PROPERTIES LLC,,,1904 Maple Shade Lane,Richmond,VA,,,Foreclosure / Forced Sale,Richmond City GIS,Richmond City,Foreclosure / Forced Sale,2024-07-09,BS,N0170549020,278000,164000,0.59,,,97,2026-09-17T12:19:10.891381Z
C,V I G LLC PS I,,,2404 Concord Ave,Richmond,VA,,,Foreclosure / Forced Sale,Richmond City GIS,Richmond City,Foreclosure / Forced Sale,2024-07-15,BS,S0080487019,145000,75000,0.517,,,97,2026-09-17T12:19:10.891354Z
NICHOLSON,MICHAELA,,,1426 Lynhaven Ave,Richmond,VA,,,Foreclosure / Forced Sale,Richmond City GIS,Richmond City,Foreclosure / Forced Sale,2024-01-03,DF,S0071229025,257000,162000,0.63,,,93,2026-09-17T12:19:10.891814Z
D,K CONTRACTORS LLC,,,5426 Westwick Dr,Richmond,VA,,,Foreclosure / Forced Sale,Richmond City GIS,Richmond City,Foreclosure / Forced Sale,2024-01-09,BS,C0050482034,218000,135000,0.619,,,93,2026-09-17T12:19:10.891803Z
ZARZYCKI,JACOB T AND,,,4024 Fauquier Ave,Richmond,VA,,,Foreclosure / Forced Sale,Richmond City GIS,Richmond City,Foreclosure / Forced Sale,2024-01-12,BS,N0002181006,493000,330000,0.669,,,93,2026-09-17T12:19:10.891787Z
SHANKLIN,EVERETT AND,,,4730 Caldwell Ave,Richmond,VA,,,Foreclosure / Forced Sale,Richmond City GIS,Richmond City,Foreclosure / Forced Sale,2024-01-16,BS,S0090459003,198000,120000,0.606,,,93,2026-09-17T12:19:10.891782Z
REYES,RUIZ GUSTAVO ADOLFO AND,,,2724 Toledo Ave,Richmond,VA,,,Foreclosure / Forced Sale,Richmond City GIS,Richmond City,Foreclosure / Forced Sale,2024-02-14,BS,S0080844042,187000,130000,0.695,,,93,2026-09-17T12:19:10.891709Z
BENNETT,EMILY ALLYSON,,,1001 Worth St,Richmond,VA,,,Foreclosure / Forced Sale,Richmond City GIS,Richmond City,Foreclosure / Forced Sale,2024-03-25,BS,C0050685074,191000,121000,0.634,,,93,2026-09-17T12:19:10.891656Z
MASSENBURG,HERMAN I,,,815 Kinney St,Richmond,VA,,,Foreclosure / Forced Sale,Richmond City GIS,Richmond City,Foreclosure / Forced Sale,2024-04-30,WD,N0000572036,155000,100000,0.645,,,93,2026-09-17T12:19:10.891568Z
MOBLEY,INVESTMENT SOLUTIONS LLC,,,904 W Clay St,Richmond,VA,,,Foreclosure / Forced Sale,Richmond City GIS,Richmond City,Foreclosure / Forced Sale,2024-05-23,BS,N0000387032,353000,220000,0.623,,,93,2026-09-17T12:19:10.891480Z
HOME,SLICE PROPERTIES LLC,,,4006 Forest Hill Ave,Richmond,VA,,,Foreclosure / Forced Sale,Richmond City GIS,Richmond City,Foreclosure / Forced Sale,2024-06-04,BS,S0002921011,355000,220000,0.62,,,93,2026-09-17T12:19:10.891455Z
404,STRAWBERRY STREET LLC,,,7604 Piney Branch Road,Richmond,VA,,,Foreclosure / Forced Sale,Richmond City GIS,Richmond City,Foreclosure / Forced Sale,2024-06-13,BS,C0040250020,452000,300000,0.664,,,93,2026-09-17T12:19:10.891439Z
PARAMOUNT,INVESTMENTS LLC,,,2001 Junaluska Cir,Richmond,VA,,,Foreclosure / Forced Sale,Richmond City GIS,Richmond City,Foreclosure / Forced Sale,2024-07-29,DF,C0050225052,417000,263000,0.631,,,93,2026-09-17T12:19:10.891338Z
CAVA,CAPITAL LLC,,,310 E 19th St,Richmond,VA,,,Foreclosure / Forced Sale,Richmond City GIS,Richmond City,Foreclosure / Forced Sale,2024-09-09,BS,S0000234042,141000,90000,0.638,,,93,2026-09-17T12:19:10.891233Z
DECEM,DESIGN BUILD LLC,,,4313 Forest Hill Ave,Richmond,VA,,,Foreclosure / Forced Sale,Richmond City GIS,Richmond City,Foreclosure / Forced Sale,2024-09-12,BS,S0002794013,341000,215000,0.63,,,93,2026-09-17T12:19:10.891226Z
CAVA,CAPITAL LLC,,,2502 Courtland St,Richmond,VA,,,Foreclosure / Forced Sale,Richmond City GIS,Richmond City,Foreclosure / Forced Sale,2024-09-18,BS,S0090224010,125000,75000,0.6,,,93,2026-09-17T12:19:10.891217Z
S,& N RESTORATIONS LLC,,,727 Northside Ave,Richmond,VA,,,Foreclosure / Forced Sale,Richmond City GIS,Richmond City,Foreclosure / Forced Sale,2024-01-18,BS,N0001153013,141000,100000,0.709,,,89,2026-09-17T12:19:10.891768Z
WITHEROW,AVERY D,,,212 W Franklin St U203,Richmond,VA,,,Foreclosure / Forced Sale,Richmond City GIS,Richmond City,Foreclosure / Forced Sale,2024-01-23,DF,W0000147037,142000,116552,0.821,,,89,2026-09-17T12:19:10.891755Z
THEONE,LLC,,,41 S Davis Ave,Richmond,VA,,,Foreclosure / Forced Sale,Richmond City GIS,Richmond City,Foreclosure / Forced Sale,2024-02-08,WD,W0001076033,436000,340001,0.78,,,89,2026-09-17T12:19:10.891733Z
PRINCE,CONSTRUCTION INC,,,1266 Moore St,Richmond,VA,,,Foreclosure / Forced Sale,Richmond City GIS,Richmond City,Foreclosure / Forced Sale,2024-03-13,BS,N0000619082,117000,90000,0.769,,,89,2026-09-17T12:19:10.891683Z
ETS,REHABES LLC,,,3516 Carolina Ave,Richmond,VA,,,Foreclosure / Forced Sale,Richmond City GIS,Richmond City,Foreclosure / Forced Sale,2024-03-18,BS,N0001164026,293000,230000,0.785,,,89,2026-09-17T12:19:10.891667Z
DOMINGUEZ,ANGELA MARIA AND,,,4801 Bromley Lane,Richmond,VA,,,Foreclosure / Forced Sale,Richmond City GIS,Richmond City,Foreclosure / Forced Sale,2024-04-22,BS,W0190167019,590000,500000,0.847,,,89,2026-09-17T12:19:10.891612Z
BAIRD,SCOTT,,,3406 Lawson St,Richmond,VA,,,Foreclosure / Forced Sale,Richmond City GIS,Richmond City,Foreclosure / Forced Sale,2024-04-26,BS,S0002454004,143000,114000,0.797,,,89,2026-09-17T12:19:10.891601Z
M,M S RENTAL GROUP LLC,,,309 Labrook Dr,Richmond,VA,,,Foreclosure / Forced Sale,Richmond City GIS,Richmond City,Foreclosure / Forced Sale,2024-04-29,BS,C0050963020,214000,152080,0.711,,,89,2026-09-17T12:19:10.891579Z
COATES,ANITA,,,3012 Groveland Ave,Richmond,VA,,,Foreclosure / Forced Sale,Richmond City GIS,Richmond City,Foreclosure / Forced Sale,2024-05-01,BS,N0000985006,276000,225500,0.817,,,89,2026-09-17T12:19:10.891555Z
ARMIN,MOHAMED,,,1520 Columbia St,Richmond,VA,,,Foreclosure / Forced Sale,Richmond City GIS,Richmond City,Foreclosure / Forced Sale,2024-05-09,BS,S0071227020,205000,160000,0.78,,,89,2026-09-17T12:19:10.891530Z
ELABD,AZIZ AND BOTTROS ADEL AND,,,2101 S Kinsley Ave,Richmond,VA,,,Foreclosure / Forced Sale,Richmond City GIS,Richmond City,Foreclosure / Forced Sale,2024-05-17,DF,C0090320032,234000,169000,0.722,,,89,2026-09-17T12:19:10.891501Z
404,STRAWBERRY STREET LLC,,,7529 Rockfalls Dr,Richmond,VA,,,Foreclosure / Forced Sale,Richmond City GIS,Richmond City,Foreclosure / Forced Sale,2024-05-29,BS,C0040291020,423000,300000,0.709,,,89,2026-09-17T12:19:10.891474Z
A,I J INVESTMENTS LLC,,,1411 Overlook St,Richmond,VA,,,Foreclosure / Forced Sale,Richmond City GIS,Richmond City,Foreclosure / Forced Sale,2024-05-31,BS,S0071229032,192000,143750,0.749,,,89,2026-09-17T12:19:10.891461Z
HANNA,SALAMA,,,2004 Edwards Ave,Richmond,VA,,,Foreclosure / Forced Sale,Richmond City GIS,Richmond City,Foreclosure / Forced Sale,2024-06-24,BS,S0000457008,154000,110000,0.714,,,89,2026-09-17T12:19:10.891411Z
OPENDOOR,PROPERTY TRUST I,,,1608 Mechanicsville Tpke,Richmond,VA,,,Foreclosure / Forced Sale,Richmond City GIS,Richmond City,Foreclosure / Forced Sale,2024-06-25,BS,E0120334004,439000,342900,0.781,,,89,2026-09-17T12:19:10.891392Z
T,D Z PROPERTIES LLC,,,1424 Decatur St,Richmond,VA,,,Foreclosure / Forced Sale,Richmond City GIS,Richmond City,Foreclosure / Forced Sale,2024-06-25,DF,S0000151003,202000,166000,0.822,,,89,2026-09-17T12:19:10.891405Z
FFC,PROPERTIES LLC,,,4343 Warwick Road,Richmond,VA,,,Foreclosure / Forced Sale,Richmond City GIS,Richmond City,Foreclosure / Forced Sale,2024-07-23,DF,C0080309012,313000,246000,0.786,,,89,2026-09-17T12:19:10.891349Z
HOLMES,ELISABETH AND,,,2412 Pineway Dr,Richmond,VA,,,Foreclosure / Forced Sale,Richmond City GIS,Richmond City,Foreclosure / Forced Sale,2024-08-09,BS,C0050095018,357000,295000,0.826,,,89,2026-09-17T12:19:10.891304Z
1511,ALASKA DRIVE SERIES OF RVA,,,1511 Alaska Dr,Richmond,VA,,,Foreclosure / Forced Sale,Richmond City GIS,Richmond City,Foreclosure / Forced Sale,2024-08-27,BS,C0060469020,216000,175000,0.81,,,89,2026-09-17T12:19:10.891252Z
COMFORT,ROOM LLC,,,2011 Rear Carroll St,Richmond,VA,,,Foreclosure / Forced Sale,Richmond City GIS,Richmond City,Foreclosure / Forced Sale,2024-01-01,WD,E0120230012,30000,110000,3.667,,,85,2026-09-17T12:19:10.891819Z
CITY,OF RICHMOND,,,505 S 14th St,Richmond,VA,,,Foreclosure / Forced Sale,Richmond City GIS,Richmond City,Foreclosure / Forced Sale,2024-01-05,BS,E0000095003,245000,12977900,52.971,,,85,2026-09-17T12:19:10.891809Z
BARGMAN,CALE P AND ANGELICA,,,3621 Carolina Ave,Richmond,VA,,,Foreclosure / Forced Sale,Richmond City GIS,Richmond City,Foreclosure / Forced Sale,2024-01-16,WD,N0001270019,455000,441988,0.971,,,85,2026-09-17T12:19:10.891777Z
F,M G INVESTMENTS LLC,,,605 Northside Ave,Richmond,VA,,,Foreclosure / Forced Sale,Richmond City GIS,Richmond City,Foreclosure / Forced Sale,2024-01-25,BS,N0001150003,157000,170000,1.083,,,85,2026-09-17T12:19:10.891744Z
3909,CORBIN STREET LLC,,,3909 Corbin St,Richmond,VA,,,Foreclosure / Forced Sale,Richmond City GIS,Richmond City,Foreclosure / Forced Sale,2024-02-05,BS,N0180532016,150000,165000,1.1,,,85,2026-09-17T12:19:10.891739Z
MCGHEE,NICHOLAS AND,,,9926 Duryea Dr,Richmond,VA,,,Foreclosure / Forced Sale,Richmond City GIS,Richmond City,Foreclosure / Forced Sale,2024-02-09,DF,C0011004006,393000,346800,0.882,,,85,2026-09-17T12:19:10.891723Z
RODRIGUEZ,DESTINY ISABELLA AND,,,3319 Lynhaven Ave,Richmond,VA,,,Foreclosure / Forced Sale,Richmond City GIS,Richmond City,Foreclosure / Forced Sale,2024-02-13,BS,S0080706034,159000,138000,0.868,,,85,2026-09-17T12:19:10.891717Z
RAMIREZ,SALAZAR BRANDON AND,,,4119 Silbury Road,Richmond,VA,,,Foreclosure / Forced Sale,Richmond City GIS,Richmond City,Foreclosure / Forced Sale,2024-02-26,DF,C0080714017,197000,179000,0.909,,,85,2026-09-17T12:19:10.891702Z
4802,LLC,,,4802 Grove Ave,Richmond,VA,,,Foreclosure / Forced Sale,Richmond City GIS,Richmond City,Foreclosure / Forced Sale,2024-03-12,BS,W0190272012,603000,550000,0.912,,,85,2026-09-17T12:19:10.891688Z
BEAUFONT,TOWERS I LP AND,,,400 Hioaks Road,Richmond,VA,,,Foreclosure / Forced Sale,Richmond City GIS,Richmond City,Foreclosure / Forced Sale,2024-04-04,BS,C0050776003,55000,55000,1.0,,,85,2026-09-17T12:19:10.891648Z
LANE,KEITH,,,1711 Rogers St,Richmond,VA,,,Foreclosure / Forced Sale,Richmond City GIS,Richmond City,Foreclosure / Forced Sale,2024-04-08,DF,E0120282004,171000,171000,1.0,,,85,2026-09-17T12:19:10.891637Z
BARGMAN,CALE P AND ANGELICA,,,3621 Carolina Ave,Richmond,VA,,,Foreclosure / Forced Sale,Richmond City GIS,Richmond City,Foreclosure / Forced Sale,2024-04-15,WD,N0001270019,455000,400000,0.879,,,85,2026-09-17T12:19:10.891623Z
BENITEZ,LLC,,,1037 Derrymore Road,Richmond,VA,,,Foreclosure / Forced Sale,Richmond City GIS,Richmond City,Foreclosure / Forced Sale,2024-04-22,BS,C0070257007,259000,232500,0.898,,,85,2026-09-17T12:19:10.891607Z
GLEN,WELLS LLC,,,2217 Warwick Ave,Richmond,VA,,,Foreclosure / Forced Sale,Richmond City GIS,Richmond City,Foreclosure / Forced Sale,2024-04-26,BS,S0071631011,142000,145000,1.021,,,85,2026-09-17T12:19:10.891588Z
MONTREAL,LLC,,,312 E 17th St,Richmond,VA,,,Foreclosure / Forced Sale,Richmond City GIS,Richmond City,Foreclosure / Forced Sale,2024-04-26,DF,S0000190015,285000,260000,0.912,,,85,2026-09-17T12:19:10.891596Z
BRATCHER,CYNTHIA D,,,2206 Wright Ave,Richmond,VA,,,Foreclosure / Forced Sale,Richmond City GIS,Richmond City,Foreclosure / Forced Sale,2024-04-30,BS,S0071631007,121000,125000,1.033,,,85,2026-09-17T12:19:10.891560Z
MASSENBURG,HERMAN I,,,813 Kinney St,Richmond,VA,,,Foreclosure / Forced Sale,Richmond City GIS,Richmond City,Foreclosure / Forced Sale,2024-04-30,WD,N0000572034,112000,100000,0.893,,,85,2026-09-17T12:19:10.891574Z
A,I J INVESTMENTS LLC,,,819 Albemarle St,Richmond,VA,,,Foreclosure / Forced Sale,Richmond City GIS,Richmond City,Foreclosure / Forced Sale,2024-05-03,DF,W0000167002,236000,221000,0.936,,,85,2026-09-17T12:19:10.891546Z
ESCOBAR,MEAGAN,,,4706 Patterson Ave,Richmond,VA,,,Foreclosure / Forced Sale,Richmond City GIS,Richmond City,Foreclosure / Forced Sale,2024-05-06,BS,W0190200005,326000,300000,0.92,,,85,2026-09-17T12:19:10.891540Z
BETTER,PROPERTIES LLC,,,1726 Porter St,Richmond,VA,,,Foreclosure / Forced Sale,Richmond City GIS,Richmond City,Foreclosure / Forced Sale,2024-05-09,BS,S0000244003,164000,150000,0.915,,,85,2026-09-17T12:19:10.891535Z
FLORA,HOUSING LLC,,,2513 Haden Ave,Richmond,VA,,,Foreclosure / Forced Sale,Richmond City GIS,Richmond City,Foreclosure / Forced Sale,2024-05-14,BS,S0080706015,164000,161000,0.982,,,85,2026-09-17T12:19:10.891522Z
FREEDOM,MORTGAGE CORPORATION,,,1505 Drewry St,Richmond,VA,,,Foreclosure / Forced Sale,Richmond City GIS,Richmond City,Foreclosure / Forced Sale,2024-05-15,DF,S0071282009,190000,189499,0.997,,,85,2026-09-17T12:19:10.891516Z
TULE,RIVER HOMEBUYER EQUITY,,,2812 Grindall Creek Lane,Richmond,VA,,,Foreclosure / Forced Sale,Richmond City GIS,Richmond City,Foreclosure / Forced Sale,2024-05-17,DF,C0080427054,253000,230000,0.909,,,85,2026-09-17T12:19:10.891506Z
CLUSTER,INVESTMENT PROPERTIES,,,17 W Leigh St,Richmond,VA,,,Foreclosure / Forced Sale,Richmond City GIS,Richmond City,Foreclosure / Forced Sale,2024-05-17,BS,N0000102005,75000,132000,1.76,,,85,2026-09-17T12:19:10.891511Z
R,S C S REAL ESTATE INVESTMENTS,,,1800 Bath St,Richmond,VA,,,Foreclosure / Forced Sale,Richmond City GIS,Richmond City,Foreclosure / Forced Sale,2024-05-20,BS,N0000946022,65000,73700,1.134,,,85,2026-09-17T12:19:10.891495Z
MEGH,LEGACY INVESTMENTS LLC,,,2206 N 27th St,Richmond,VA,,,Foreclosure / Forced Sale,Richmond City GIS,Richmond City,Foreclosure / Forced Sale,2024-05-21,WD,E0120291017,154000,140000,0.909,,,85,2026-09-17T12:19:10.891485Z
M,G P PROPERTY LLC,,,1812 Harwood St,Richmond,VA,,,Foreclosure / Forced Sale,Richmond City GIS,Richmond City,Foreclosure / Forced Sale,2024-05-30,BS,S0071133001,142000,165000,1.162,,,85,2026-09-17T12:19:10.891469Z
COASTLINE,CAPITAL PARTNERS LLC,,,1962 Lansing Ave,Richmond,VA,,,Foreclosure / Forced Sale,Richmond City GIS,Richmond City,Foreclosure / Forced Sale,2024-06-11,BS,C0050227015,301000,300000,0.997,,,85,2026-09-17T12:19:10.891445Z
ARGOS,LLC,,,906 Hill Top Dr,Richmond,VA,,,Foreclosure / Forced Sale,Richmond City GIS,Richmond City,Foreclosure / Forced Sale,2024-06-21,BS,S0060442011,154000,145000,0.942,,,85,2026-09-17T12:19:10.891428Z
TDZ,PROPERTIES LLC,,,3817 Bridgeton Road,Richmond,VA,,,Foreclosure / Forced Sale,Richmond City GIS,Richmond City,Foreclosure / Forced Sale,2024-07-02,DF,C0080877018,228000,220000,0.965,,,85,2026-09-17T12:19:10.891386Z
ERG,UNLIMITED LLC,,,502 Bancroft Ave,Richmond,VA,,,Foreclosure / Forced Sale,Richmond City GIS,Richmond City,Foreclosure / Forced Sale,2024-07-12,BS,N0001260021,152000,135000,0.888,,,85,2026-09-17T12:19:10.891375Z
BROWN,ALFRED L III,,,2011 Royall Ave,Richmond,VA,,,Foreclosure / Forced Sale,Richmond City GIS,Richmond City,Foreclosure / Forced Sale,2024-07-26,WD,S0071534004,203000,175000,0.862,,,85,2026-09-17T12:19:10.891343Z
GUTIERREZ,SANTOS JAVIER ALAN,,,1504 Columbia St,Richmond,VA,,,Foreclosure / Forced Sale,Richmond City GIS,Richmond City,Foreclosure / Forced Sale,2024-08-02,WD,S0071227013,150000,155000,1.033,,,85,2026-09-17T12:19:10.891329Z
SECRETARY,OF HOUSING AND URBAN,,,2500 Warwick Ave,Richmond,VA,,,Foreclosure / Forced Sale,Richmond City GIS,Richmond City,Foreclosure / Forced Sale,2024-08-05,DF,S0071677013,227000,227727,1.003,,,85,2026-09-17T12:19:10.891316Z
BLACK,DIAMOND INVESTMENT GROUP,,,1422 Overlook St,Richmond,VA,,,Foreclosure / Forced Sale,Richmond City GIS,Richmond City,Foreclosure / Forced Sale,2024-08-05,BS,S0071230013,137000,118500,0.865,,,85,2026-09-17T12:19:10.891321Z
HOMEPRO,VENTURES CORP,,,2229 Brookhaven Road,Richmond,VA,,,Foreclosure / Forced Sale,Richmond City GIS,Richmond City,Foreclosure / Forced Sale,2024-08-09,DF,C0080722006,220000,205119,0.932,,,85,2026-09-17T12:19:10.891299Z
ERG,UNLIMITED LLC,,,502 Bancroft Ave,Richmond,VA,,,Foreclosure / Forced Sale,Richmond City GIS,Richmond City,Foreclosure / Forced Sale,2024-08-09,BS,N0001260021,152000,180000,1.184,,,85,2026-09-17T12:19:10.891311Z
W,B VENTURES LLC,,,5208 Parker St,Richmond,VA,,,Foreclosure / Forced Sale,Richmond City GIS,Richmond City,Foreclosure / Forced Sale,2024-08-14,BS,E0100108005,202000,192000,0.95,,,85,2026-09-17T12:19:10.891293Z
7418,SILVER MIST AVE LLC,,,5208 Pine Crest Ave,Richmond,VA,,,Foreclosure / Forced Sale,Richmond City GIS,Richmond City,Foreclosure / Forced Sale,2024-08-20,BS,C0050727004,238000,220000,0.924,,,85,2026-09-17T12:19:10.891276Z
AIJ,INVESTMENTS LLC,,,1129 E 15th St,Richmond,VA,,,Foreclosure / Forced Sale,Richmond City GIS,Richmond City,Foreclosure / Forced Sale,2024-08-20,BS,S0000638017,131000,115000,0.878,,,85,2026-09-17T12:19:10.891283Z
VANN,WILSON JANE,,,4314 Monument Park,Richmond,VA,,,Foreclosure / Forced Sale,Richmond City GIS,Richmond City,Foreclosure / Forced Sale,2024-08-27,BS,W0001956015,374000,550000,1.471,,,85,2026-09-17T12:19:10.891267Z
SALLAH,JOHN,,,3409 Parkwood Ave,Richmond,VA,,,Foreclosure / Forced Sale,Richmond City GIS,Richmond City,Foreclosure / Forced Sale,2024-09-09,WD,W0001590019,302000,320250,1.06,,,85,2026-09-17T12:19:10.891243Z
KWIMBAHARIAN,LLC,,,6220 Debora Dr,Richmond,VA,,,Foreclosure / Forced Sale,Richmond City GIS,Richmond City,Foreclosure / Forced Sale,2024-09-23,BS,C0050401022,310000,275000,0.887,,,85,2026-09-17T12:19:10.891208Z
OBTAIN,REAL ESTATE GROUP LLC &,,,1628 N 27th St,Richmond,VA,,,Foreclosure / Forced Sale,Richmond City GIS,Richmond City,Foreclosure / Forced Sale,2024-10-16,BS,E0000948031,378000,347616,0.92,,,85,2026-09-17T12:19:10.891192Z
,,,,12 GLENBROOKE CIR W,HENRICO,VA,232298010,,Henrico Distressed Sale,Henrico CAMA,Henrico County,Henrico Distressed Sale,2025-09-19,6703/1810,754-733-7008,1538000,717500,0.467,,,77,2026-09-17T12:19:20.144092Z
,,,,9022 JOI DR,HENRICO,VA,23228,,Henrico Distressed Sale,Henrico CAMA,Henrico County,Henrico Distressed Sale,2025-09-19,6703/1328,780-758-0376,334600,110000,0.329,,,77,2026-09-17T12:19:20.144106Z
,,,,205 DAMASCUS DR,HENRICO,VA,23227,,Henrico Distressed Sale,Henrico CAMA,Henrico County,Henrico Distressed Sale,2025-09-26,6705/2037,792-752-1629,233600,10000,0.043,,,77,2026-09-17T12:19:20.143983Z
,,,,611 FAIRYSTONE CT,HENRICO,VA,23075,,Henrico Distressed Sale,Henrico CAMA,Henrico County,Henrico Distressed Sale,2025-10-02,6708/0999,830-727-8444,40000,20000,0.5,,,77,2026-09-17T12:19:20.143836Z
,,,,2406 LOURDES RD,HENRICO,VA,23228,,Henrico Distressed Sale,Henrico CAMA,Henrico County,Henrico Distressed Sale,2025-10-07,6709/1147,775-753-3663,300200,150000,0.5,,,77,2026-09-17T12:19:20.143744Z
,,,,5711 MONUMENT AVE,HENRICO,VA,23226,,Henrico Distressed Sale,Henrico CAMA,Henrico County,Henrico Distressed Sale,2025-10-10,6710/1788,769-737-9328,410300,240000,0.585,,,77,2026-09-17T12:19:20.143651Z
,,,,1111 HAVERHILL RD,HENRICO,VA,23227,,Henrico Distressed Sale,Henrico CAMA,Henrico County,Henrico Distressed Sale,2025-10-14,6711/1266,788-754-3078,320900,30000,0.093,,,77,2026-09-17T12:19:20.143594Z
,,,,11724 APRILBUD DR,HENRICO,VA,23233,,Henrico Distressed Sale,Henrico CAMA,Henrico County,Henrico Distressed Sale,2025-10-21,6713/1385,739-758-3373,626900,146000,0.233,,,77,2026-09-17T12:19:20.143414Z
,,,,12624 AMBER TER,HENRICO,VA,23233-7029,,Henrico Distressed Sale,Henrico CAMA,Henrico County,Henrico Distressed Sale,2025-10-22,6714/0775,732-758-7688,761000,185186,0.243,,,77,2026-09-17T12:19:20.143389Z
,,,,103 S ELM AVE,HENRICO,VA,23075,,Henrico Distressed Sale,Henrico CAMA,Henrico County,Henrico Distressed Sale,2025-10-27,6716/0063,821-724-6746,204600,100000,0.489,,,77,2026-09-17T12:19:20.143289Z
,,,,2905 RALPH BLVD,HENRICO,VA,23223,,Henrico Distressed Sale,Henrico CAMA,Henrico County,Henrico Distressed Sale,2025-11-05,6719/1111,803-725-2000,134200,66200,0.493,,,77,2026-09-17T12:19:20.143078Z
,,,,2800 REMINGTON RD,HENRICO,VA,23231,,Henrico Distressed Sale,Henrico CAMA,Henrico County,Henrico Distressed Sale,2025-11-10,6720/2197,809-716-0923,234300,125000,0.534,,,77,2026-09-17T12:19:20.142996Z
,,,,1104 PEACHTREE BLVD,HENRICO,VA,23226,,Henrico Distressed Sale,Henrico CAMA,Henrico County,Henrico Distressed Sale,2025-11-18,6723/0630,770-737-8851,569400,325000,0.571,,,77,2026-09-17T12:19:20.142815Z
,,,,7 HANOVER AVE,SANDSTON,VA,23150,,Henrico Distressed Sale,Henrico CAMA,Henrico County,Henrico Distressed Sale,2025-11-19,6723/2043,831-714-2586,203800,41000,0.201,,,77,2026-09-17T12:19:20.142781Z
,,,,10541 GLENCOE RD,GLEN ALLEN,VA,23060,,Henrico Distressed Sale,Henrico CAMA,Henrico County,Henrico Distressed Sale,2025-12-08,6729/1241,766-766-3660,420700,235000,0.559,,,77,2026-09-17T12:19:20.142383Z
,,,,2403 DUMBARTON RD,HENRICO,VA,23228,,Henrico Distressed Sale,Henrico CAMA,Henrico County,Henrico Distressed Sale,2025-12-08,6729/1579,780-744-0785,364400,210000,0.576,,,77,2026-09-17T12:19:20.142402Z
,,,,WILLIAMSBURG RD,HENRICO,VA,23231,,Henrico Distressed Sale,Henrico CAMA,Henrico County,Henrico Distressed Sale,2025-12-08,6729/1086,815-714-1027,158700,70000,0.441,,,77,2026-09-17T12:19:20.142433Z
,,,,8900 BUFFIN RD,HENRICO,VA,23231,,Henrico Distressed Sale,Henrico CAMA,Henrico County,Henrico Distressed Sale,2025-12-11,6730/2295,821-679-6440,622900,280369,0.45,,,77,2026-09-17T12:19:20.142281Z
,,,,12352 MORNING CREEK RD,GLEN ALLEN,VA,23059-7100,,Henrico Distressed Sale,Henrico CAMA,Henrico County,Henrico Distressed Sale,2025-12-18,6733/0571,736-776-8190,866000,135000,0.156,,,77,2026-09-17T12:19:20.142140Z
,,,,3912 PINALTO DR,HENRICO,VA,23222,,Henrico Distressed Sale,Henrico CAMA,Henrico County,Henrico Distressed Sale,2025-12-19,6733/1691,793-738-8796,144000,80000,0.556,,,77,2026-09-17T12:19:20.142102Z
,,,,2305 ARRINGTON RD,HENRICO,VA,23294,,Henrico Distressed Sale,Henrico CAMA,Henrico County,Henrico Distressed Sale,2025-12-19,6733/0867,760-749-7482,371100,202500,0.546,,,77,2026-09-17T12:19:20.142114Z
,,,,201 DANRAY DR,HENRICO,VA,23227,,Henrico Distressed Sale,Henrico CAMA,Henrico County,Henrico Distressed Sale,2025-12-23,6734/2453,790-754-1300,384300,32000,0.083,,,77,2026-09-17T12:19:20.142001Z
,,,,8501 OLD VIRGINIA LN,GLEN ALLEN,VA,23059,,Henrico Distressed Sale,Henrico CAMA,Henrico County,Henrico Distressed Sale,2025-12-29,6735/2381,786-771-4485,3791100,1800000,0.475,,,77,2026-09-17T12:19:20.141929Z
,,,,405 S KALMIA AVE,HENRICO,VA,23075,,Henrico Distressed Sale,Henrico CAMA,Henrico County,Henrico Distressed Sale,2026-01-02,6737/1216,821-721-1477,243500,130000,0.534,,,77,2026-09-17T12:19:20.141792Z
,,,,25 EARLY AVE,SANDSTON,VA,23150,,Henrico Distressed Sale,Henrico CAMA,Henrico County,Henrico Distressed Sale,2026-01-02,6737/0589,824-716-4850,222800,36000,0.162,,,77,2026-09-17T12:19:20.141814Z
,,,,35 EARLY AVE,SANDSTON,VA,23150,,Henrico Distressed Sale,Henrico CAMA,Henrico County,Henrico Distressed Sale,2026-01-02,6737/0585,824-716-5559,222800,36000,0.162,,,77,2026-09-17T12:19:20.141824Z
,,,,12228 GRAHAM MEADOWS DR,HENRICO,VA,23233-7604,,Henrico Distressed Sale,Henrico CAMA,Henrico County,Henrico Distressed Sale,2026-01-08,6739/0374,732-763-3895,890800,399500,0.448,,,77,2026-09-17T12:19:20.141720Z
,,,,604 REESE DR,SANDSTON,VA,23150,,Henrico Distressed Sale,Henrico CAMA,Henrico County,Henrico Distressed Sale,2026-01-09,6739/0948,853-708-5485,313400,80000,0.255,,,77,2026-09-17T12:19:20.141685Z
,,,,4179 OAKLEYS LN,HENRICO,VA,23223-5936,,Henrico Distressed Sale,Henrico CAMA,Henrico County,Henrico Distressed Sale,2026-01-12,6739/2312,816-722-4144,54000,30000,0.556,,,77,2026-09-17T12:19:20.141661Z
,,,,6804 FOX DOWNS DR,HENRICO,VA,23231,,Henrico Distressed Sale,Henrico CAMA,Henrico County,Henrico Distressed Sale,2026-01-13,6740/1487,805-703-6654,339400,160000,0.471,,,77,2026-09-17T12:19:20.141636Z
,,,,9003 OLD STAPLES MILL RD,HENRICO,VA,23228,,Henrico Distressed Sale,Henrico CAMA,Henrico County,Henrico Distressed Sale,2026-01-20,6742/0550,769-757-8802,6723900,1240073,0.184,,,77,2026-09-17T12:19:20.141508Z
,,,,1213 BOWDEN RD,HENRICO,VA,23229,,Henrico Distressed Sale,Henrico CAMA,Henrico County,Henrico Distressed Sale,2026-02-06,6747/1584,750-743-0459,369900,87059,0.235,,,77,2026-09-17T12:19:20.141174Z
,,,,10917 BLUEBELL DR,GLEN ALLEN,VA,23060,,Henrico Distressed Sale,Henrico CAMA,Henrico County,Henrico Distressed Sale,2026-02-11,6748/2077,774-768-9158,307100,50000,0.163,,,77,2026-09-17T12:19:20.141097Z
,,,,8304 WALLINGFORD LN,HENRICO,VA,23227,,Henrico Distressed Sale,Henrico CAMA,Henrico County,Henrico Distressed Sale,2026-02-12,6749/1601,794-754-0778,318200,181250,0.57,,,77,2026-09-17T12:19:20.141059Z
,,,,5537 HOLMAN DR,GLEN ALLEN,VA,23059,,Henrico Distressed Sale,Henrico CAMA,Henrico County,Henrico Distressed Sale,2026-02-24,6752/2168,746-777-0642,652900,20000,0.031,,,77,2026-09-17T12:19:20.140837Z
,,,,3608 WHITLOCK AVE,HENRICO,VA,23223,,Henrico Distressed Sale,Henrico CAMA,Henrico County,Henrico Distressed Sale,2026-02-27,6754/0935,802-734-9749,170600,53000,0.311,,,77,2026-09-17T12:19:20.140767Z
,,,,5208 COXSON RD,HENRICO,VA,23231,,Henrico Distressed Sale,Henrico CAMA,Henrico County,Henrico Distressed Sale,2026-03-03,6755/1939,817-712-7074,195500,60000,0.307,,,77,2026-09-17T12:19:20.140706Z
,,,,1403 BYRON ST,HENRICO,VA,23222,,Henrico Distressed Sale,Henrico CAMA,Henrico County,Henrico Distressed Sale,2026-03-05,6756/1198,798-735-4251,214900,105000,0.489,,,77,2026-09-17T12:19:20.140639Z
,,,,113 WILKINSON RD,HENRICO,VA,23227,,Henrico Distressed Sale,Henrico CAMA,Henrico County,Henrico Distressed Sale,2026-03-06,6756/1583,790-754-0436,1156100,325000,0.281,,,77,2026-09-17T12:19:20.140603Z
,,,,5402 LONG BRIDGE RD,HENRICO,VA,23231,,Henrico Distressed Sale,Henrico CAMA,Henrico County,Henrico Distressed Sale,2026-03-09,6757/0671,843-684-4497,470500,2083,0.004,,,77,2026-09-17T12:19:20.140552Z
,,,,5204 HART MILL DR,GLEN ALLEN,VA,23060,,Henrico Distressed Sale,Henrico CAMA,Henrico County,Henrico Distressed Sale,2026-03-09,6757/1158,756-770-8804,474600,267830,0.564,,,77,2026-09-17T12:19:20.140586Z
,,,,3401 ANDOVER HILLS PL,HENRICO,VA,23294,,Henrico Distressed Sale,Henrico CAMA,Henrico County,Henrico Distressed Sale,2026-03-12,6758/0691,754-756-4013,487400,155000,0.318,,,77,2026-09-17T12:19:20.140482Z
,,,,2629 CHANCER DR,HENRICO,VA,23233-2134,,Henrico Distressed Sale,Henrico CAMA,Henrico County,Henrico Distressed Sale,2026-03-16,6759/0541,731-753-1573,274300,130000,0.474,,,77,2026-09-17T12:19:20.140432Z
,,,,1705 MICHAELS RD,HENRICO,VA,23229,,Henrico Distressed Sale,Henrico CAMA,Henrico County,Henrico Distressed Sale,2026-03-24,6762/0378,758-745-2856,332100,117667,0.354,,,77,2026-09-17T12:19:20.140253Z
,,,,8907 TURNBULL AVE,HENRICO,VA,23229,,Henrico Distressed Sale,Henrico CAMA,Henrico County,Henrico Distressed Sale,2026-03-24,6762/0711,751-740-0556,322300,110000,0.341,,,77,2026-09-17T12:19:20.140259Z
,,,,4705 E CARYHURST RD,HENRICO,VA,23223,,Henrico Distressed Sale,Henrico CAMA,Henrico County,Henrico Distressed Sale,2026-03-30,6764/0422,811-721-3611,215800,125000,0.579,,,77,2026-09-17T12:19:20.140130Z
,,,,3133 DRIVER LN,HENRICO,VA,23223,,Henrico Distressed Sale,Henrico CAMA,Henrico County,Henrico Distressed Sale,2026-04-01,6765/0720,804-725-5179,414700,132500,0.32,,,77,2026-09-17T12:19:20.140040Z
,,,,12004 BOURNE RD,GLEN ALLEN,VA,23059,,Henrico Distressed Sale,Henrico CAMA,Henrico County,Henrico Distressed Sale,2026-04-02,6765/2148,769-776-4262,346100,80000,0.231,,,77,2026-09-17T12:19:20.140018Z
,,,,2707 CUSHING DR,HENRICO,VA,23223,,Henrico Distressed Sale,Henrico CAMA,Henrico County,Henrico Distressed Sale,2026-04-03,6766/0447,802-726-4105,163600,50000,0.306,,,77,2026-09-17T12:19:20.139969Z
,,,,10905 FOREST TRACE LN,GLEN ALLEN,VA,23059,,Henrico Distressed Sale,Henrico CAMA,Henrico County,Henrico Distressed Sale,2026-04-06,6766/0971,775-769-4857,513000,10000,0.019,,,77,2026-09-17T12:19:20.139908Z
,,,,3626 REYNOLDS RD,HENRICO,VA,23223,,Henrico Distressed Sale,Henrico CAMA,Henrico County,Henrico Distressed Sale,2026-04-14,6769/0726,804-734-9948,228300,113500,0.497,,,77,2026-09-17T12:19:20.139735Z
,,,,4714 MONACO DR,SANDSTON,VA,23150,,Henrico Distressed Sale,Henrico CAMA,Henrico County,Henrico Distressed Sale,2026-04-21,6771/2328,855-711-2818,241100,144000,0.597,,,77,2026-09-17T12:19:20.139553Z
,,,,119 ECHO AVE,HENRICO,VA,23223,,Henrico Distressed Sale,Henrico CAMA,Henrico County,Henrico Distressed Sale,2026-04-29,6774/1813,805-723-7677,226700,120000,0.529,,,77,2026-09-17T12:19:20.139382Z
,,,,5104 AMBERWOOD CIR,GLEN ALLEN,VA,23059,,Henrico Distressed Sale,Henrico CAMA,Henrico County,Henrico Distressed Sale,2026-05-01,6775/2138,741-766-7246,681600,125000,0.183,,,77,2026-09-17T12:19:20.139221Z
,,,,2120 BATTLEFIELD RUN CT,HENRICO,VA,23231,,Henrico Distressed Sale,Henrico CAMA,Henrico County,Henrico Distressed Sale,2026-05-01,6775/1124,811-682-4833,398400,135000,0.339,,,77,2026-09-17T12:19:20.139246Z
,,,,1714 CARNEAL ST,HENRICO,VA,23223,,Henrico Distressed Sale,Henrico CAMA,Henrico County,Henrico Distressed Sale,2026-05-07,6778/0144,799-727-4775,38000,10000,0.263,,,77,2026-09-17T12:19:20.139062Z
,,,,1304 WESTRIDGE RD,HENRICO,VA,23229,,Henrico Distressed Sale,Henrico CAMA,Henrico County,Henrico Distressed Sale,2026-05-07,6777/2337,746-744-8654,310300,45000,0.145,,,77,2026-09-17T12:19:20.139068Z
,,,,121 N FERN AVE,HENRICO,VA,23075,,Henrico Distressed Sale,Henrico CAMA,Henrico County,Henrico Distressed Sale,2026-05-08,6778/1331,823-725-4969,191800,104145,0.543,,,77,2026-09-17T12:19:20.139003Z
,,,,3124 FRIARS WALK LN,GLEN ALLEN,VA,23059,,Henrico Distressed Sale,Henrico CAMA,Henrico County,Henrico Distressed Sale,2026-05-08,6778/1531,763-775-1536,376600,105000,0.279,,,77,2026-09-17T12:19:20.139035Z
,,,,4024 SWEET AZALEA ROW,GLEN ALLEN,VA,23059,,Henrico Distressed Sale,Henrico CAMA,Henrico County,Henrico Distressed Sale,2026-05-13,6779/1806,782-772-2548,652900,300000,0.459,,,77,2026-09-17T12:19:20.138934Z
,,,,111 N ELM AVE,HENRICO,VA,23075,,Henrico Distressed Sale,Henrico CAMA,Henrico County,Henrico Distressed Sale,2026-05-26,6783/1274,823-725-1373,6000,1500,0.25,,,77,2026-09-17T12:19:20.138635Z
,,,,1811 MURDOCH RD,HENRICO,VA,23229,,Henrico Distressed Sale,Henrico CAMA,Henrico County,Henrico Distressed Sale,2026-05-28,6785/0010,753-749-5573,334500,180000,0.538,,,77,2026-09-17T12:19:20.138545Z
,,,,1906 BELGRAVE RD,HENRICO,VA,23229,,Henrico Distressed Sale,Henrico CAMA,Henrico County,Henrico Distressed Sale,2026-05-29,6785/0550,755-748-0202,385000,131760,0.342,,,77,2026-09-17T12:19:20.138466Z
,,,,2020 DRIVER XING,HENRICO,VA,23223,,Henrico Distressed Sale,Henrico CAMA,Henrico County,Henrico Distressed Sale,2026-06-01,6785/1816,803-726-8822,455400,265000,0.582,,,77,2026-09-17T12:19:20.138397Z
,,,,3805 REDSTONE DR,HENRICO,VA,23294,,Henrico Distressed Sale,Henrico CAMA,Henrico County,Henrico Distressed Sale,2026-06-01,6786/0350,761-757-3746,397700,230000,0.578,,,77,2026-09-17T12:19:20.138411Z
,,,,5206 COXSON RD,HENRICO,VA,23231,,Henrico Distressed Sale,Henrico CAMA,Henrico County,Henrico Distressed Sale,2026-06-02,6786/2065,817-712-6983,207100,100000,0.483,,,77,2026-09-17T12:19:20.138349Z
,,,,BON SECOURS PKWY,HENRICO,VA,23233-7642,,Henrico Distressed Sale,Henrico CAMA,Henrico County,Henrico Distressed Sale,2026-06-04,6787/1277,730-766-3642,367400,79000,0.215,,,77,2026-09-17T12:19:20.138260Z
,,,,7 WESTOVER AVE,HENRICO,VA,23223,,Henrico Distressed Sale,Henrico CAMA,Henrico County,Henrico Distressed Sale,2026-06-04,6787/1867,816-726-7573,207600,100000,0.482,,,77,2026-09-17T12:19:20.138273Z
,,,,9036 ARTHUR CT,GLEN ALLEN,VA,23060,,Henrico Distressed Sale,Henrico CAMA,Henrico County,Henrico Distressed Sale,2026-06-18,6792/1535,760-766-3423,396700,172443,0.435,,,77,2026-09-17T12:19:20.137856Z
,,,,17 RAINES AVE,SANDSTON,VA,23150,,Henrico Distressed Sale,Henrico CAMA,Henrico County,Henrico Distressed Sale,2026-06-18,6792/0943,827-715-8410,239600,50000,0.209,,,77,2026-09-17T12:19:20.137885Z
,,,,19 OLD MEMORIAL DR,SANDSTON,VA,23150,,Henrico Distressed Sale,Henrico CAMA,Henrico County,Henrico Distressed Sale,2026-06-18,6792/0809,837-715-4707,224400,120000,0.535,,,77,2026-09-17T12:19:20.137896Z
,,,,10509 GLENCOE RD,GLEN ALLEN,VA,23060,,Henrico Distressed Sale,Henrico CAMA,Henrico County,Henrico Distressed Sale,2026-06-18,6792/1074,766-765-6396,424400,200000,0.471,,,77,2026-09-17T12:19:20.137912Z
,,,,WHITEHURST LN,HENRICO,VA,23227-2258,,Henrico Distressed Sale,Henrico CAMA,Henrico County,Henrico Distressed Sale,2026-06-22,6793/1000,784-748-3238,314800,50000,0.159,,,77,2026-09-17T12:19:20.137827Z
,,,,2205 CAPP RD,HENRICO,VA,23223,,Henrico Distressed Sale,Henrico CAMA,Henrico County,Henrico Distressed Sale,2026-06-23,6793/1539,803-729-7360,214900,81098,0.377,,,77,2026-09-17T12:19:20.137777Z
,,,,LA VON DR,HENRICO,VA,23227,,Henrico Distressed Sale,Henrico CAMA,Henrico County,Henrico Distressed Sale,2026-06-29,6795/1788,785-752-7714,8000,1800,0.225,,,77,2026-09-17T12:19:20.137545Z
,,,,WISTAR RD,HENRICO,VA,23228,,Henrico Distressed Sale,Henrico CAMA,Henrico County,Henrico Distressed Sale,2026-06-29,6795/1804,769-751-3104,1800,725,0.403,,,77,2026-09-17T12:19:20.137554Z
,,,,10518 HAMILTON RD,GLEN ALLEN,VA,23060,,Henrico Distressed Sale,Henrico CAMA,Henrico County,Henrico Distressed Sale,2026-06-29,6795/1796,769-765-5993,8100,4500,0.556,,,77,2026-09-17T12:19:20.137560Z
,,,,WARWICK AVE,HENRICO,VA,23227,,Henrico Distressed Sale,Henrico CAMA,Henrico County,Henrico Distressed Sale,2026-06-29,6795/1780,787-751-5599,8000,1900,0.237,,,77,2026-09-17T12:19:20.137569Z
,,,,WARWICK AVE,HENRICO,VA,23227,,Henrico Distressed Sale,Henrico CAMA,Henrico County,Henrico Distressed Sale,2026-06-29,6795/1768,787-751-5685,9600,1950,0.203,,,77,2026-09-17T12:19:20.137577Z
,,,,500 SIBLEY AVE,HENRICO,VA,23227,,Henrico Distressed Sale,Henrico CAMA,Henrico County,Henrico Distressed Sale,2026-06-29,6795/1750,786-751-8891,10400,2400,0.231,,,77,2026-09-17T12:19:20.137586Z
,,,,717 LAKESIDE BLVD,HENRICO,VA,23227,,Henrico Distressed Sale,Henrico CAMA,Henrico County,Henrico Distressed Sale,2026-06-29,6795/1784,785-751-9891,4000,1000,0.25,,,77,2026-09-17T12:19:20.137592Z
,,,,5620 EDGEWOOD AVE,HENRICO,VA,23227,,Henrico Distressed Sale,Henrico CAMA,Henrico County,Henrico Distressed Sale,2026-06-29,6795/1760,786-751-8259,5100,1750,0.343,,,77,2026-09-17T12:19:20.137601Z
,,,,508 SIBLEY AVE,HENRICO,VA,23227,,Henrico Distressed Sale,Henrico CAMA,Henrico County,Henrico Distressed Sale,2026-06-29,6795/1776,786-751-7089,2400,1050,0.438,,,77,2026-09-17T12:19:20.137608Z
,,,,10535 BROAD AVE,GLEN ALLEN,VA,23060-6757,,Henrico Distressed Sale,Henrico CAMA,Henrico County,Henrico Distressed Sale,2026-06-29,6795/1792,780-766-1478,2900,1325,0.457,,,77,2026-09-17T12:19:20.137616Z
,,,,2142 PARK LN,HENRICO,VA,23230,,Henrico Distressed Sale,Henrico CAMA,Henrico County,Henrico Distressed Sale,2026-07-07,6798/1759,773-739-8403,227900,51272,0.225,,,77,2026-09-17T12:19:20.137241Z
,,,,16 S CONFEDERATE AVE,SANDSTON,VA,23150,,Henrico Distressed Sale,Henrico CAMA,Henrico County,Henrico Distressed Sale,2026-07-09,6799/2135,826-715-2655,178000,100000,0.562,,,77,2026-09-17T12:19:20.137121Z
,,,,4004 DELMONT ST,HENRICO,VA,23222,,Henrico Distressed Sale,Henrico CAMA,Henrico County,Henrico Distressed Sale,2026-07-13,6800/2077,793-738-2736,83800,25000,0.298,,,77,2026-09-17T12:19:20.137058Z
,,,,3817 RONNIE AVE,HENRICO,VA,23222,,Henrico Distressed Sale,Henrico CAMA,Henrico County,Henrico Distressed Sale,2026-07-14,6801/0881,802-735-4448,158100,80000,0.506,,,77,2026-09-17T12:19:20.137033Z
,,,,6404 GOLDENROD CT,HENRICO,VA,23231,,Henrico Distressed Sale,Henrico CAMA,Henrico County,Henrico Distressed Sale,2026-07-16,6802/0702,809-703-0558,304700,170000,0.558,,,77,2026-09-17T12:19:20.136932Z
,,,,6614 W DAVISTA AVE,HENRICO,VA,23228,,Henrico Distressed Sale,Henrico CAMA,Henrico County,Henrico Distressed Sale,2026-07-16,6802/0645,772-746-8751,334900,150000,0.448,,,77,2026-09-17T12:19:20.136956Z
,,,,SIBLEY AVE,HENRICO,VA,23227,,Henrico Distressed Sale,Henrico CAMA,Henrico County,Henrico Distressed Sale,2026-07-20,6803/0706,786-751-9779,4800,1100,0.229,,,77,2026-09-17T12:19:20.136817Z
,,,,108 N MAPLELEAF AVE,HENRICO,VA,23075,,Henrico Distressed Sale,Henrico CAMA,Henrico County,Henrico Distressed Sale,2026-07-20,6803/0619,824-724-4605,716100,185000,0.258,,,77,2026-09-17T12:19:20.136825Z
,,,,WARWICK AVE,HENRICO,VA,23227,,Henrico Distressed Sale,Henrico CAMA,Henrico County,Henrico Distressed Sale,2026-07-20,6803/0735,787-751-3497,4000,1000,0.25,,,77,2026-09-17T12:19:20.136832Z
,,,,1803 BRENTWOOD RD,HENRICO,VA,23222,,Henrico Distressed Sale,Henrico CAMA,Henrico County,Henrico Distressed Sale,2026-07-21,6803/1519,800-734-0523,178800,105000,0.587,,,77,2026-09-17T12:19:20.136789Z
,,,,203 MEADOW RD,SANDSTON,VA,23150,,Henrico Distressed Sale,Henrico CAMA,Henrico County,Henrico Distressed Sale,2026-07-24,6804/1592,828-721-1721,432000,190000,0.44,,,77,2026-09-17T12:19:20.136691Z
,,,,7440 WILLSON RD,HENRICO,VA,23231,,Henrico Distressed Sale,Henrico CAMA,Henrico County,Henrico Distressed Sale,2026-08-03,6808/0339,811-693-8954,243900,125000,0.513,,,77,2026-09-17T12:19:20.136442Z
,,,,4411 SAMARA DR,HENRICO,VA,23231,,Henrico Distressed Sale,Henrico CAMA,Henrico County,Henrico Distressed Sale,2026-08-03,6807/2248,807-717-3707,201300,56500,0.281,,,77,2026-09-17T12:19:20.136464Z
,,,,22 N HOLLY AVE,HENRICO,VA,23075,,Henrico Distressed Sale,Henrico CAMA,Henrico County,Henrico Distressed Sale,2026-08-04,6808/1549,823-724-2092,1330600,550000,0.413,,,77,2026-09-17T12:19:20.136426Z
,,,,7213 OAKMERE CT,HENRICO,VA,23231,,Henrico Distressed Sale,Henrico CAMA,Henrico County,Henrico Distressed Sale,2026-08-10,6810/0530,822-694-9169,390000,220000,0.564,,,77,2026-09-17T12:19:20.136250Z
,,,,2305 STONEMILL CT,HENRICO,VA,23233,,Henrico Distressed Sale,Henrico CAMA,Henrico County,Henrico Distressed Sale,2026-08-10,6810/0584,744-754-3043,402700,76449,0.19,,,77,2026-09-17T12:19:20.136268Z
,,,,1711 WINDINGRIDGE CT,HENRICO,VA,23238,,Henrico Distressed Sale,Henrico CAMA,Henrico County,Henrico Distressed Sale,2026-08-12,6810/2117,742-746-6074,448900,219500,0.489,,,77,2026-09-17T12:19:20.136179Z
,,,,216 MEROYN DR,SANDSTON,VA,23150,,Henrico Distressed Sale,Henrico CAMA,Henrico County,Henrico Distressed Sale,2026-08-14,6811/2412,824-718-9422,335800,150000,0.447,,,77,2026-09-17T12:19:20.136098Z
,,,,2107 CLARKE ST,HENRICO,VA,23228,,Henrico Distressed Sale,Henrico CAMA,Henrico County,Henrico Distressed Sale,2026-08-17,6812/0945,781-745-5629,225100,90000,0.4,,,77,2026-09-17T12:19:20.136046Z
,,,,9601 DINK LN,GLEN ALLEN,VA,23060,,Henrico Distressed Sale,Henrico CAMA,Henrico County,Henrico Distressed Sale,2026-08-21,6813/2439,784-763-8617,520500,310000,0.596,,,77,2026-09-17T12:19:20.135927Z
,,,,2200 BROCKWAY LN,HENRICO,VA,23223,,Henrico Distressed Sale,Henrico CAMA,Henrico County,Henrico Distressed Sale,2026-08-24,6814/1645,802-726-4388,225100,50000,0.222,,,77,2026-09-17T12:19:20.135858Z
,,,,2521 MERLE ST,HENRICO,VA,23231,,Henrico Distressed Sale,Henrico CAMA,Henrico County,Henrico Distressed Sale,2026-08-26,6815/1786,807-716-7240,203200,60000,0.295,,,77,2026-09-17T12:19:20.135816Z
,,,,5600 STAPLES MILL RD,HENRICO,VA,23228,,Henrico Distressed Sale,Henrico CAMA,Henrico County,Henrico Distressed Sale,2026-08-31,6817/1109,774-744-3490,152700,86500,0.566,,,77,2026-09-17T12:19:20.135645Z
,,,,1808 BINFORD LN,HENRICO,VA,23223,,Henrico Distressed Sale,Henrico CAMA,Henrico County,Henrico Distressed Sale,2026-09-02,6818/0578,801-730-2609,138700,70000,0.505,,,77,2026-09-17T12:19:20.135561Z
,,,,8763 STRATH RD,HENRICO,VA,23231,,Henrico Distressed Sale,Henrico CAMA,Henrico County,Henrico Distressed Sale,2026-09-04,6819/0175,817-680-8152,88500,44250,0.5,,,77,2026-09-17T12:19:20.135482Z
,,,,5100 MONUMENT AVE,HENRICO,VA,23230,,Henrico Distressed Sale,Henrico CAMA,Henrico County,Henrico Distressed Sale,2026-09-11,6820/1789,772-735-5697,230200,80000,0.348,,,77,2026-09-17T12:19:20.135316Z
,,,,2904 RALPH BLVD,HENRICO,VA,23223,,Henrico Distressed Sale,Henrico CAMA,Henrico County,Henrico Distressed Sale,2026-09-15,6821/1006,803-725-2119,134200,80000,0.596,,,77,2026-09-17T12:19:20.135219Z
,,,,11639 CANDLE CT,HENRICO,VA,23238-3460,,Henrico Distressed Sale,Henrico CAMA,Henrico County,Henrico Distressed Sale,2025-10-01,6707/1437,737-749-1240,266400,185000,0.694,,,73,2026-09-17T12:19:20.143861Z
,,,,6351 N MIDVIEW RD,HENRICO,VA,23231,,Henrico Distressed Sale,Henrico CAMA,Henrico County,Henrico Distressed Sale,2025-10-09,6710/1315,808-704-1538,251000,152913,0.609,,,73,2026-09-17T12:19:20.143683Z
,,,,6280 MONAHAN RD,HENRICO,VA,23231,,Henrico Distressed Sale,Henrico CAMA,Henrico County,Henrico Distressed Sale,2025-10-10,6710/2148,820-705-8211,218600,142000,0.65,,,73,2026-09-17T12:19:20.143625Z
,,,,REGENCY WOODS RD,HENRICO,VA,23238,,Henrico Distressed Sale,Henrico CAMA,Henrico County,Henrico Distressed Sale,2025-10-14,6711/0625,747-746-3559,187200,116547,0.623,,,73,2026-09-17T12:19:20.143614Z
,,,,9105 FORDSON RD,HENRICO,VA,23229,,Henrico Distressed Sale,Henrico CAMA,Henrico County,Henrico Distressed Sale,2025-10-20,6713/0576,753-751-9079,369000,250000,0.678,,,73,2026-09-17T12:19:20.143471Z
,,,,4307 3RD ST,HENRICO,VA,23223,,Henrico Distressed Sale,Henrico CAMA,Henrico County,Henrico Distressed Sale,2025-11-25,6726/0875,809-721-1027,191600,130000,0.678,,,73,2026-09-17T12:19:20.142629Z
,,,,9217 SKYLARK DR,HENRICO,VA,23229,,Henrico Distressed Sale,Henrico CAMA,Henrico County,Henrico Distressed Sale,2025-12-19,6733/2156,750-744-1163,351900,225000,0.639,,,73,2026-09-17T12:19:20.142127Z
,,,,9900 INDEPENDENCE PARK DR,HENRICO,VA,23233,,Henrico Distressed Sale,Henrico CAMA,Henrico County,Henrico Distressed Sale,2025-12-23,6735/0578,752-756-3770,3184000,2000000,0.628,,,73,2026-09-17T12:19:20.141988Z
,,,,7700 HERMITAGE RD,HENRICO,VA,23228,,Henrico Distressed Sale,Henrico CAMA,Henrico County,Henrico Distressed Sale,2025-12-23,6735/0699,777-751-4839,296400,200000,0.675,,,73,2026-09-17T12:19:20.142017Z
,,,,10212 PURCELL RD,GLEN ALLEN,VA,23060-3721,,Henrico Distressed Sale,Henrico CAMA,Henrico County,Henrico Distressed Sale,2026-01-02,6737/0760,770-763-8374,288400,193000,0.669,,,73,2026-09-17T12:19:20.141854Z
,,,,3011 SKIPWITH RD,HENRICO,VA,23294,,Henrico Distressed Sale,Henrico CAMA,Henrico County,Henrico Distressed Sale,2026-01-09,6739/1033,761-753-4548,405300,275000,0.679,,,73,2026-09-17T12:19:20.141694Z
,,,,309 N LAKE AVE,HENRICO,VA,23223,,Henrico Distressed Sale,Henrico CAMA,Henrico County,Henrico Distressed Sale,2026-01-16,6741/1447,819-727-9658,253800,162000,0.638,,,73,2026-09-17T12:19:20.141556Z
,,,,4902 GREENLEIGH RD,HENRICO,VA,23223,,Henrico Distressed Sale,Henrico CAMA,Henrico County,Henrico Distressed Sale,2026-01-23,6743/1324,811-722-9127,260600,160000,0.614,,,73,2026-09-17T12:19:20.141423Z
,,,,4 W MCCLELLAN ST,SANDSTON,VA,23150,,Henrico Distressed Sale,Henrico CAMA,Henrico County,Henrico Distressed Sale,2026-01-23,6743/1141,827-718-0215,191500,115000,0.601,,,73,2026-09-17T12:19:20.141444Z
,,,,119 WHITESIDE RD,SANDSTON,VA,23150,,Henrico Distressed Sale,Henrico CAMA,Henrico County,Henrico Distressed Sale,2026-01-28,6744/0740,833-714-1609,283700,189900,0.669,,,73,2026-09-17T12:19:20.141398Z
,,,,1625 FOREST GLEN RD,HENRICO,VA,23228,,Henrico Distressed Sale,Henrico CAMA,Henrico County,Henrico Distressed Sale,2026-02-02,6745/1864,781-758-5762,577900,382000,0.661,,,73,2026-09-17T12:19:20.141286Z
,,,,OLD OSBORNE TPKE,HENRICO,VA,23231,,Henrico Distressed Sale,Henrico CAMA,Henrico County,Henrico Distressed Sale,2026-02-03,6746/1145,797-713-2150,361600,250000,0.691,,,73,2026-09-17T12:19:20.141242Z
,,,,1908 WATTS LN,HENRICO,VA,23223,,Henrico Distressed Sale,Henrico CAMA,Henrico County,Henrico Distressed Sale,2026-02-06,6747/2321,802-730-4046,155300,105000,0.676,,,73,2026-09-17T12:19:20.141185Z
,,,,2414 AGRA DR,HENRICO,VA,23228,,Henrico Distressed Sale,Henrico CAMA,Henrico County,Henrico Distressed Sale,2026-02-13,6749/1662,773-758-3033,260100,168750,0.649,,,73,2026-09-17T12:19:20.141027Z
,,,,8221 IRETON RD,HENRICO,VA,23228,,Henrico Distressed Sale,Henrico CAMA,Henrico County,Henrico Distressed Sale,2026-03-10,6757/2019,774-753-8590,329600,230000,0.698,,,73,2026-09-17T12:19:20.140539Z
,,,,3299 CHARLES CITY RD,HENRICO,VA,23231,,Henrico Distressed Sale,Henrico CAMA,Henrico County,Henrico Distressed Sale,2026-03-12,6758/2144,823-704-0818,147200,89000,0.605,,,73,2026-09-17T12:19:20.140494Z
,,,,1407 RHODE ISLAND AVE,GLEN ALLEN,VA,23060,,Henrico Distressed Sale,Henrico CAMA,Henrico County,Henrico Distressed Sale,2026-03-26,6763/0660,782-762-4628,222700,150000,0.674,,,73,2026-09-17T12:19:20.140194Z
,,,,9715 ELECTRA LN,HENRICO,VA,23228,,Henrico Distressed Sale,Henrico CAMA,Henrico County,Henrico Distressed Sale,2026-04-07,6767/0067,776-761-3798,300900,200000,0.665,,,73,2026-09-17T12:19:20.139891Z
,,,,4408 KEMP AVE,HENRICO,VA,23231,,Henrico Distressed Sale,Henrico CAMA,Henrico County,Henrico Distressed Sale,2026-04-16,6770/0728,804-716-3648,219800,136040,0.619,,,73,2026-09-17T12:19:20.139664Z
,,,,1425 BULL RUN DR,HENRICO,VA,23231,,Henrico Distressed Sale,Henrico CAMA,Henrico County,Henrico Distressed Sale,2026-04-28,6774/0440,804-703-3245,227500,155000,0.681,,,73,2026-09-17T12:19:20.139411Z
,,,,117 DEFENSE AVE,SANDSTON,VA,23150,,Henrico Distressed Sale,Henrico CAMA,Henrico County,Henrico Distressed Sale,2026-05-01,6775/1100,828-717-9748,159800,110500,0.691,,,73,2026-09-17T12:19:20.139269Z
,,,,1422 BULL RUN DR,HENRICO,VA,23231,,Henrico Distressed Sale,Henrico CAMA,Henrico County,Henrico Distressed Sale,2026-05-06,6777/1919,804-703-3269,240400,158000,0.657,,,73,2026-09-17T12:19:20.139120Z
,,,,1814 AERONCA AVE,HENRICO,VA,23228,,Henrico Distressed Sale,Henrico CAMA,Henrico County,Henrico Distressed Sale,2026-05-18,6781/0825,775-761-7785,287300,180000,0.627,,,73,2026-09-17T12:19:20.138820Z
,,,,2515 WILLIAMSBURG RD,HENRICO,VA,23231,,Henrico Distressed Sale,Henrico CAMA,Henrico County,Henrico Distressed Sale,2026-05-18,6781/0470,807-714-3209,270000,165000,0.611,,,73,2026-09-17T12:19:20.138830Z
,,,,1417 MIDAGE LN,SANDSTON,VA,23150-1009,,Henrico Distressed Sale,Henrico CAMA,Henrico County,Henrico Distressed Sale,2026-05-21,6782/1403,828-722-7715,280600,170000,0.606,,,73,2026-09-17T12:19:20.138709Z
,,,,7512 EDGEWOOD AVE,HENRICO,VA,23227,,Henrico Distressed Sale,Henrico CAMA,Henrico County,Henrico Distressed Sale,2026-05-29,6785/0464,786-753-9643,274300,174172,0.635,,,73,2026-09-17T12:19:20.138485Z
,,,,123 N NEW AVE,HENRICO,VA,23075,,Henrico Distressed Sale,Henrico CAMA,Henrico County,Henrico Distressed Sale,2026-06-01,6786/0697,825-723-0093,248600,160000,0.644,,,73,2026-09-17T12:19:20.138440Z
,,,,2701 LINCOLN AVE,HENRICO,VA,23228,,Henrico Distressed Sale,Henrico CAMA,Henrico County,Henrico Distressed Sale,2026-06-04,6787/1999,777-749-5571,438400,265000,0.604,,,73,2026-09-17T12:19:20.138233Z
,,,,10961 BRANCH RD,GLEN ALLEN,VA,23059,,Henrico Distressed Sale,Henrico CAMA,Henrico County,Henrico Distressed Sale,2026-06-10,6789/1286,774-773-7771,239700,150000,0.626,,,73,2026-09-17T12:19:20.138094Z
,,,,11939 MILL RD,GLEN ALLEN,VA,23059,,Henrico Distressed Sale,Henrico CAMA,Henrico County,Henrico Distressed Sale,2026-06-22,6793/1078,771-775-5600,303500,210000,0.692,,,73,2026-09-17T12:19:20.137834Z
,,,,4506 MCGILL ST,HENRICO,VA,23231,,Henrico Distressed Sale,Henrico CAMA,Henrico County,Henrico Distressed Sale,2026-06-24,6794/0153,806-716-4957,156200,105000,0.672,,,73,2026-09-17T12:19:20.137706Z
,,,,2506 BLACKBURN RD,GLEN ALLEN,VA,23060,,Henrico Distressed Sale,Henrico CAMA,Henrico County,Henrico Distressed Sale,2026-06-24,6794/0608,773-762-5881,229100,150000,0.655,,,73,2026-09-17T12:19:20.137715Z
,,,,1291 GRAPEVINE RD,SANDSTON,VA,23150,,Henrico Distressed Sale,Henrico CAMA,Henrico County,Henrico Distressed Sale,2026-06-30,6795/2312,837-724-6475,255000,175000,0.686,,,73,2026-09-17T12:19:20.137477Z
,,,,3218 HUNTERS MILL CT,HENRICO,VA,23223,,Henrico Distressed Sale,Henrico CAMA,Henrico County,Henrico Distressed Sale,2026-06-30,6795/2098,806-732-6982,170200,110000,0.646,,,73,2026-09-17T12:19:20.137486Z
,,,,8414 SEDGEMOOR DR,HENRICO,VA,23228,,Henrico Distressed Sale,Henrico CAMA,Henrico County,Henrico Distressed Sale,2026-06-30,6796/0749,773-754-7537,336000,220000,0.655,,,73,2026-09-17T12:19:20.137530Z
,,,,9317 GILDENFIELD CT,HENRICO,VA,23294,,Henrico Distressed Sale,Henrico CAMA,Henrico County,Henrico Distressed Sale,2026-07-02,6797/2074,756-761-9809,272800,180000,0.66,,,73,2026-09-17T12:19:20.137330Z
,,,,3606 MONTCLAIR RD,HENRICO,VA,23223,,Henrico Distressed Sale,Henrico CAMA,Henrico County,Henrico Distressed Sale,2026-07-07,6798/1903,805-733-2374,264600,184255,0.696,,,73,2026-09-17T12:19:20.137220Z
,,,,7330 NARROWRIDGE RD,HENRICO,VA,23231,,Henrico Distressed Sale,Henrico CAMA,Henrico County,Henrico Distressed Sale,2026-07-13,6800/2057,828-694-2250,252300,160000,0.634,,,73,2026-09-17T12:19:20.137049Z
,,,,1605 CLOISTER DR,HENRICO,VA,23238-4036,,Henrico Distressed Sale,Henrico CAMA,Henrico County,Henrico Distressed Sale,2026-07-13,6800/2430,737-745-8769,416800,280000,0.672,,,73,2026-09-17T12:19:20.137070Z
,,,,8218 OVERBURY RD,HENRICO,VA,23227,,Henrico Distressed Sale,Henrico CAMA,Henrico County,Henrico Distressed Sale,2026-07-23,6804/0338,793-755-2075,527900,325000,0.616,,,73,2026-09-17T12:19:20.136737Z
,,,,9 RODES AVE,SANDSTON,VA,23150,,Henrico Distressed Sale,Henrico CAMA,Henrico County,Henrico Distressed Sale,2026-07-27,6805/0504,827-715-6858,212300,140000,0.659,,,73,2026-09-17T12:19:20.136643Z
,,,,5205 RALEIGH RD,HENRICO,VA,23231,,Henrico Distressed Sale,Henrico CAMA,Henrico County,Henrico Distressed Sale,2026-07-30,6806/2104,817-712-4893,197800,125000,0.632,,,73,2026-09-17T12:19:20.136555Z
,,,,REGENCY WOODS RD,HENRICO,VA,23238,,Henrico Distressed Sale,Henrico CAMA,Henrico County,Henrico Distressed Sale,2026-08-03,6807/2467,747-746-3559,207000,140000,0.676,,,73,2026-09-17T12:19:20.136481Z
,,,,400 MANSFIELD DR,HENRICO,VA,23223,,Henrico Distressed Sale,Henrico CAMA,Henrico County,Henrico Distressed Sale,2026-08-11,6810/1428,812-722-5968,230500,140000,0.607,,,73,2026-09-17T12:19:20.136224Z
,,,,9724 LAUREL PINE DR,HENRICO,VA,23228,,Henrico Distressed Sale,Henrico CAMA,Henrico County,Henrico Distressed Sale,2026-08-12,6811/0390,771-760-0607,293500,200000,0.681,,,73,2026-09-17T12:19:20.136191Z
,,,,319 CLUB VIEW CT,HENRICO,VA,23229,,Henrico Distressed Sale,Henrico CAMA,Henrico County,Henrico Distressed Sale,2026-08-13,6811/1570,742-734-3162,2606200,1720000,0.66,,,73,2026-09-17T12:19:20.136121Z
,,,,4264 CREIGHTON RD,HENRICO,VA,23223,,Henrico Distressed Sale,Henrico CAMA,Henrico County,Henrico Distressed Sale,2026-08-13,6811/1626,815-732-4892,231100,141000,0.61,,,73,2026-09-17T12:19:20.136131Z
,,,,8957 THREE CHOPT RD,HENRICO,VA,23229,,Henrico Distressed Sale,Henrico CAMA,Henrico County,Henrico Distressed Sale,2026-08-13,6811/1110,754-745-7687,249000,165000,0.663,,,73,2026-09-17T12:19:20.136148Z
,,,,8 N QUINCE AVE,HENRICO,VA,23075,,Henrico Distressed Sale,Henrico CAMA,Henrico County,Henrico Distressed Sale,2026-08-18,6813/0127,824-722-6474,235900,150000,0.636,,,73,2026-09-17T12:19:20.136000Z
,,,,213 S HOLLY AVE,HENRICO,VA,23075,,Henrico Distressed Sale,Henrico CAMA,Henrico County,Henrico Distressed Sale,2026-08-18,6812/2093,821-723-4114,249700,160000,0.641,,,73,2026-09-17T12:19:20.136016Z
,,,,4211 FAYETTE CIR,HENRICO,VA,23222,,Henrico Distressed Sale,Henrico CAMA,Henrico County,Henrico Distressed Sale,2026-08-18,6812/1703,795-742-1048,142300,90000,0.632,,,73,2026-09-17T12:19:20.136028Z
,,,,116 S KALMIA AVE,HENRICO,VA,23075,,Henrico Distressed Sale,Henrico CAMA,Henrico County,Henrico Distressed Sale,2026-08-21,6814/0325,822-723-2812,252900,160000,0.633,,,73,2026-09-17T12:19:20.135887Z
,,,,7000 ELKO RD,SANDSTON,VA,23150,,Henrico Distressed Sale,Henrico CAMA,Henrico County,Henrico Distressed Sale,2026-08-24,6814/1226,856-697-7389,297400,205000,0.689,,,73,2026-09-17T12:19:20.135867Z
,,,,2312 WATTS LN,HENRICO,VA,23223,,Henrico Distressed Sale,Henrico CAMA,Henrico County,Henrico Distressed Sale,2026-08-27,6816/0457,804-730-9070,241000,145000,0.602,,,73,2026-09-17T12:19:20.135736Z
,,,,9713 WENDHURST DR,GLEN ALLEN,VA,23060,,Henrico Distressed Sale,Henrico CAMA,Henrico County,Henrico Distressed Sale,2026-08-28,6816/1919,755-767-3131,409500,260000,0.635,,,73,2026-09-17T12:19:20.135703Z
,,,,3012 EMPORIA ST,HENRICO,VA,23231,,Henrico Distressed Sale,Henrico CAMA,Henrico County,Henrico Distressed Sale,2026-08-28,6816/1429,809-715-5316,289700,175000,0.604,,,73,2026-09-17T12:19:20.135726Z
,,,,1616 SADDLEHORSE PL,HENRICO,VA,23231,,Henrico Distressed Sale,Henrico CAMA,Henrico County,Henrico Distressed Sale,2026-09-01,6817/2293,805-703-0339,359600,230000,0.64,,,73,2026-09-17T12:19:20.135609Z
,,,,100 HART ST,HENRICO,VA,23075,,Henrico Distressed Sale,Henrico CAMA,Henrico County,Henrico Distressed Sale,2026-09-02,6818/0625,826-719-1787,295500,202000,0.684,,,73,2026-09-17T12:19:20.135541Z
,,,,106 SHREVEPORT RD,HENRICO,VA,23223,,Henrico Distressed Sale,Henrico CAMA,Henrico County,Henrico Distressed Sale,2026-09-03,6818/1543,814-727-1032,237300,163000,0.687,,,73,2026-09-17T12:19:20.135508Z
,,,,622 REESE DR,SANDSTON,VA,23150,,Henrico Distressed Sale,Henrico CAMA,Henrico County,Henrico Distressed Sale,2026-09-10,6820/0484,854-708-8481,251200,167227,0.666,,,73,2026-09-17T12:19:20.135331Z
,,,,115 N JUNIPER AVE,HENRICO,VA,23075,,Henrico Distressed Sale,Henrico CAMA,Henrico County,Henrico Distressed Sale,2026-09-15,6821/0771,824-724-1573,211800,130000,0.614,,,73,2026-09-17T12:19:20.135252Z
,,,,SHRADER RD,HENRICO,VA,23228,,Henrico Distressed Sale,Henrico CAMA,Henrico County,Henrico Distressed Sale,2025-10-10,6710/1903,764-756-2095,191600,136001,0.71,,,69,2026-09-17T12:19:20.143636Z
,,,,208 RUNNING CEDAR LN,HENRICO,VA,23229,,Henrico Distressed Sale,Henrico CAMA,Henrico County,Henrico Distressed Sale,2025-10-15,6711/2201,751-734-8268,866800,610000,0.704,,,69,2026-09-17T12:19:20.143554Z
,,,,OLD GREENWAY DR,GLEN ALLEN,VA,23059,,Henrico Distressed Sale,Henrico CAMA,Henrico County,Henrico Distressed Sale,2025-11-12,6721/1095,739-779-8146,784100,584000,0.745,,,69,2026-09-17T12:19:20.142950Z
,,,,611 DUNKERRY LN,SANDSTON,VA,23150,,Henrico Distressed Sale,Henrico CAMA,Henrico County,Henrico Distressed Sale,2025-11-14,6722/0533,847-719-0632,472700,339000,0.717,,,69,2026-09-17T12:19:20.142870Z
,,,,5514 WHITE OAK RD,SANDSTON,VA,23150,,Henrico Distressed Sale,Henrico CAMA,Henrico County,Henrico Distressed Sale,2025-11-17,6723/0416,857-712-3785,354000,259940,0.734,,,69,2026-09-17T12:19:20.142847Z
,,,,7603 PARKLINE DR,HENRICO,VA,23229,,Henrico Distressed Sale,Henrico CAMA,Henrico County,Henrico Distressed Sale,2025-11-21,6725/0256,760-743-7156,296600,222000,0.748,,,69,2026-09-17T12:19:20.142724Z
,,,,113 N DAISY AVE,HENRICO,VA,23075,,Henrico Distressed Sale,Henrico CAMA,Henrico County,Henrico Distressed Sale,2025-12-19,6733/2144,823-725-0292,210600,155000,0.736,,,69,2026-09-17T12:19:20.142094Z
,,,,105 STUTTAFORD DR,SANDSTON,VA,23150,,Henrico Distressed Sale,Henrico CAMA,Henrico County,Henrico Distressed Sale,2026-01-15,6741/0350,824-716-3393,268900,200000,0.744,,,69,2026-09-17T12:19:20.141577Z
,,,,4705 KINLOCH CT,HENRICO,VA,23231,,Henrico Distressed Sale,Henrico CAMA,Henrico County,Henrico Distressed Sale,2026-02-19,6751/0818,818-716-1543,340100,250000,0.735,,,69,2026-09-17T12:19:20.140925Z
,,,,100 ECHO AVE,HENRICO,VA,23223,,Henrico Distressed Sale,Henrico CAMA,Henrico County,Henrico Distressed Sale,2026-03-04,6756/0350,805-723-5843,113500,80000,0.705,,,69,2026-09-17T12:19:20.140660Z
,,,,251 WHITESIDE RD,SANDSTON,VA,23150,,Henrico Distressed Sale,Henrico CAMA,Henrico County,Henrico Distressed Sale,2026-03-17,6759/2114,834-712-1682,280800,200555,0.714,,,69,2026-09-17T12:19:20.140395Z
,,,,4402 GRIGG ST,HENRICO,VA,23231,,Henrico Distressed Sale,Henrico CAMA,Henrico County,Henrico Distressed Sale,2026-03-24,6762/0787,808-717-3532,260700,189000,0.725,,,69,2026-09-17T12:19:20.140242Z
,,,,4242 CHARLES CITY RD,HENRICO,VA,23231,,Henrico Distressed Sale,Henrico CAMA,Henrico County,Henrico Distressed Sale,2026-03-30,6764/0654,832-700-5439,106400,77500,0.728,,,69,2026-09-17T12:19:20.140108Z
,,,,223 HODDER LN,HENRICO,VA,23075,,Henrico Distressed Sale,Henrico CAMA,Henrico County,Henrico Distressed Sale,2026-04-03,6766/0423,828-722-0250,286200,202000,0.706,,,69,2026-09-17T12:19:20.139950Z
,,,,2113 SHIRLEYDALE AVE,HENRICO,VA,23231,,Henrico Distressed Sale,Henrico CAMA,Henrico County,Henrico Distressed Sale,2026-04-09,6768/0793,806-711-0898,211600,150000,0.709,,,69,2026-09-17T12:19:20.139839Z
,,,,248 GREENPARK RD,SANDSTON,VA,23150,,Henrico Distressed Sale,Henrico CAMA,Henrico County,Henrico Distressed Sale,2026-04-10,6768/0958,834-712-2087,280800,198555,0.707,,,69,2026-09-17T12:19:20.139812Z
,,,,228 N PINE AVE,HENRICO,VA,23075,,Henrico Distressed Sale,Henrico CAMA,Henrico County,Henrico Distressed Sale,2026-04-15,6769/1602,826-724-1234,417800,299300,0.716,,,69,2026-09-17T12:19:20.139685Z
,,,,1650 WESTHILL RD,HENRICO,VA,23226,,Henrico Distressed Sale,Henrico CAMA,Henrico County,Henrico Distressed Sale,2026-04-15,6769/2174,762-744-3062,316100,235000,0.743,,,69,2026-09-17T12:19:20.139694Z
,,,,1808 ELKRIDGE LN,HENRICO,VA,23223,,Henrico Distressed Sale,Henrico CAMA,Henrico County,Henrico Distressed Sale,2026-04-29,6774/0878,801-729-1179,178600,130000,0.728,,,69,2026-09-17T12:19:20.139340Z
,,,,252 GREENPARK RD,SANDSTON,VA,23150,,Henrico Distressed Sale,Henrico CAMA,Henrico County,Henrico Distressed Sale,2026-05-05,6777/0359,834-712-2284,280800,199555,0.711,,,69,2026-09-17T12:19:20.139132Z
,,,,12 LOWELL ST,HENRICO,VA,23223,,Henrico Distressed Sale,Henrico CAMA,Henrico County,Henrico Distressed Sale,2026-05-21,6782/1633,817-725-2483,275200,197500,0.718,,,69,2026-09-17T12:19:20.138699Z
,,,,18 N GROVE AVE,HENRICO,VA,23075,,Henrico Distressed Sale,Henrico CAMA,Henrico County,Henrico Distressed Sale,2026-05-28,6785/0241,823-725-0112,123500,90000,0.729,,,69,2026-09-17T12:19:20.138574Z
,,,,120 N NEW AVE,HENRICO,VA,23075,,Henrico Distressed Sale,Henrico CAMA,Henrico County,Henrico Distressed Sale,2026-06-04,6787/1725,824-724-8602,212900,151000,0.709,,,69,2026-09-17T12:19:20.138247Z
,,,,5504 GREENPARK WAY,SANDSTON,VA,23150,,Henrico Distressed Sale,Henrico CAMA,Henrico County,Henrico Distressed Sale,2026-06-11,6790/0282,834-712-2172,280800,198555,0.707,,,69,2026-09-17T12:19:20.138073Z
,,,,8305 COLEBROOK RD,HENRICO,VA,23227,,Henrico Distressed Sale,Henrico CAMA,Henrico County,Henrico Distressed Sale,2026-06-23,6793/1987,790-756-7496,340500,255000,0.749,,,69,2026-09-17T12:19:20.137770Z
,,,,8280 TURNER RD,HENRICO,VA,23231,,Henrico Distressed Sale,Henrico CAMA,Henrico County,Henrico Distressed Sale,2026-07-01,6797/0136,829-685-8122,208100,150000,0.721,,,69,2026-09-17T12:19:20.137372Z
,,,,2594 BARNESWAY LN,HENRICO,VA,23231,,Henrico Distressed Sale,Henrico CAMA,Henrico County,Henrico Distressed Sale,2026-07-01,6797/0544,816-698-0231,240000,175000,0.729,,,69,2026-09-17T12:19:20.137424Z
,,,,4108 BREMNER BLVD,HENRICO,VA,23228,,Henrico Distressed Sale,Henrico CAMA,Henrico County,Henrico Distressed Sale,2026-07-06,6798/0775,771-750-7818,257100,187000,0.727,,,69,2026-09-17T12:19:20.137280Z
,,,,8900 MICHAUX LN,HENRICO,VA,23229,,Henrico Distressed Sale,Henrico CAMA,Henrico County,Henrico Distressed Sale,2026-07-09,6799/1863,751-740-2642,362100,271081,0.749,,,69,2026-09-17T12:19:20.137127Z
,,,,133 N LINDEN AVE,HENRICO,VA,23075,,Henrico Distressed Sale,Henrico CAMA,Henrico County,Henrico Distressed Sale,2026-07-14,6801/0181,824-724-8353,197500,142985,0.724,,,69,2026-09-17T12:19:20.137004Z
,,,,789 PLEASANT ST,HENRICO,VA,23075-1235,,Henrico Distressed Sale,Henrico CAMA,Henrico County,Henrico Distressed Sale,2026-07-16,6802/1029,818-722-2687,180400,131000,0.726,,,69,2026-09-17T12:19:20.136904Z
,,,,211 FOREST AVE,HENRICO,VA,23223,,Henrico Distressed Sale,Henrico CAMA,Henrico County,Henrico Distressed Sale,2026-07-20,6802/2359,819-727-4561,275700,205000,0.744,,,69,2026-09-17T12:19:20.136852Z
,,,,710 LA VON DR,HENRICO,VA,23227,,Henrico Distressed Sale,Henrico CAMA,Henrico County,Henrico Distressed Sale,2026-07-27,6805/0595,786-752-1433,266700,190000,0.712,,,69,2026-09-17T12:19:20.136660Z
,,,,2901 BARRINGTON RD,HENRICO,VA,23222,,Henrico Distressed Sale,Henrico CAMA,Henrico County,Henrico Distressed Sale,2026-08-07,6809/1988,800-732-3778,372200,275000,0.739,,,69,2026-09-17T12:19:20.136302Z
,,,,3710 WHITLOCK AVE,HENRICO,VA,23223,,Henrico Distressed Sale,Henrico CAMA,Henrico County,Henrico Distressed Sale,2026-08-13,6811/1201,803-735-3827,195400,140000,0.716,,,69,2026-09-17T12:19:20.136157Z
,,,,5208 RALEIGH RD,HENRICO,VA,23231,,Henrico Distressed Sale,Henrico CAMA,Henrico County,Henrico Distressed Sale,2026-08-26,6815/1641,817-712-2272,198000,145000,0.732,,,69,2026-09-17T12:19:20.135782Z
,,,,1609 FOREST GLEN RD,HENRICO,VA,23228,,Henrico Distressed Sale,Henrico CAMA,Henrico County,Henrico Distressed Sale,2026-08-27,6816/0670,782-758-0820,291500,210000,0.72,,,69,2026-09-17T12:19:20.135749Z
,,,,1816 LYNDOVER RD,HENRICO,VA,23222,,Henrico Distressed Sale,Henrico CAMA,Henrico County,Henrico Distressed Sale,2026-08-28,6816/1053,801-738-2515,219200,155000,0.707,,,69,2026-09-17T12:19:20.135712Z
,,,,1 N QUINCE AVE,HENRICO,VA,23075,,Henrico Distressed Sale,Henrico CAMA,Henrico County,Henrico Distressed Sale,2026-09-02,6818/0327,824-722-6253,207300,147500,0.712,,,69,2026-09-17T12:19:20.135550Z
,,,,3319 GAULDING LN,HENRICO,VA,23223,,Henrico Distressed Sale,Henrico CAMA,Henrico County,Henrico Distressed Sale,2026-09-08,6819/1557,803-732-0565,203200,150000,0.738,,,69,2026-09-17T12:19:20.135433Z
,,,,12535 KAIN RD,GLEN ALLEN,VA,23059-5726,,Henrico Distressed Sale,Henrico CAMA,Henrico County,Henrico Distressed Sale,2026-09-08,6819/0907,734-770-9310,352100,250000,0.71,,,69,2026-09-17T12:19:20.135443Z
,,,,2309 PARKSIDE AVE,HENRICO,VA,23228,,Henrico Distressed Sale,Henrico CAMA,Henrico County,Henrico Distressed Sale,2026-09-10,6820/0608,780-747-0919,248500,180000,0.724,,,69,2026-09-17T12:19:20.135349Z
,,,,250 RESILIENCE WAY,HENRICO,VA,23075,,Henrico Distressed Sale,Henrico CAMA,Henrico County,Henrico Distressed Sale,2026-02-19,6751/1520,827-723-9441,561400,100,0.0,,,65,2026-09-17T12:19:20.140939Z
MEJIA,ERICK JOSUE,,,4101 Mckay Ave,Richmond,VA,,,Special Financing,Richmond City GIS,Richmond City,Special Financing,2024-01-04,BS,C0090423022,233000,117500,0.504,,,62,2026-09-17T12:19:11.008834Z
SCHMITT,LAURA,,,6415 Winter Road,Richmond,VA,,,Special Financing,Richmond City GIS,Richmond City,Special Financing,2024-01-11,BS,C0070222016,298000,160000,0.537,,,62,2026-09-17T12:19:11.008807Z
MAGGIE,WALKER COMMUNITY LAND,,,1208 1/2 N 19th St,Richmond,VA,,,Special Financing,Richmond City GIS,Richmond City,Special Financing,2024-01-17,BS,E0000552021,65000,10000,0.154,,,62,2026-09-17T12:19:11.008790Z
RAMOS,ANA,,,3211 Olive Ave,Richmond,VA,,,Special Financing,Richmond City GIS,Richmond City,Special Financing,2024-01-22,BS,C0080593030,224000,105000,0.469,,,62,2026-09-17T12:19:11.008777Z
HARVEY,SARKISIAN,,,1423 N 32nd St,Richmond,VA,,,Special Financing,Richmond City GIS,Richmond City,Special Financing,2024-01-23,BS,E0000800017B,293000,165000,0.563,,,62,2026-09-17T12:19:11.008772Z
BON,AIR INVESTMENTS LLC,,,2940 Springview Dr,Richmond,VA,,,Special Financing,Richmond City GIS,Richmond City,Special Financing,2024-02-02,WD,C0090622036,225000,20000,0.089,,,62,2026-09-17T12:19:11.008747Z
WAYBRIGHT,CARL,,,919 Barlen Dr,Richmond,VA,,,Special Financing,Richmond City GIS,Richmond City,Special Financing,2024-02-21,BS,C0070141018,168000,60000,0.357,,,62,2026-09-17T12:19:11.008706Z
CIFUENTES,RAMOS JACOBO,,,4009 Horner Lane,Richmond,VA,,,Special Financing,Richmond City GIS,Richmond City,Special Financing,2024-02-26,BS,C0060336004,238000,112575,0.473,,,62,2026-09-17T12:19:11.008688Z
BURKE,CHRISTOPHER,,,3307 Stockton St,Richmond,VA,,,Special Financing,Richmond City GIS,Richmond City,Special Financing,2024-02-28,BS,S0002281013,230000,135000,0.587,,,62,2026-09-17T12:19:11.008672Z
KENYEAR,TEDDI RYCHAUNE,,,5525 Limestone Dr,Richmond,VA,,,Special Financing,Richmond City GIS,Richmond City,Special Financing,2024-02-29,BS,C0080375004,186000,100000,0.538,,,62,2026-09-17T12:19:11.008632Z
NEXT,LEVEL REAL ESTATE GROUP,,,4105 Mckay Ave,Richmond,VA,,,Special Financing,Richmond City GIS,Richmond City,Special Financing,2024-03-06,BS,C0090423020,222000,76000,0.342,,,62,2026-09-17T12:19:11.008604Z
J,V INVESTMENT LLC,,,5535 Chesterfield Dr,Richmond,VA,,,Special Financing,Richmond City GIS,Richmond City,Special Financing,2024-03-07,WD,C0080252024,287000,160000,0.557,,,62,2026-09-17T12:19:11.008599Z
PARKS,THOMAS LEE AND,,,3708 Bathgate Road,Richmond,VA,,,Special Financing,Richmond City GIS,Richmond City,Special Financing,2024-03-11,BS,C0081101017,300000,35000,0.117,,,62,2026-09-17T12:19:11.008578Z
MAGGIE,WALKER COMMUNITY LAND,,,1204 1/2 N 19th St,Richmond,VA,,,Special Financing,Richmond City GIS,Richmond City,Special Financing,2024-03-11,BS,E0000552017,65000,10000,0.154,,,62,2026-09-17T12:19:11.008583Z
SMITH,ANDREW KARSTEN AND,,,6579 Balsam Road,Richmond,VA,,,Special Financing,Richmond City GIS,Richmond City,Special Financing,2024-03-12,BS,C0070400050,313000,180000,0.575,,,62,2026-09-17T12:19:11.008573Z
BEAVER,KEONA,,,3308 Terminal Ave,Richmond,VA,,,Special Financing,Richmond City GIS,Richmond City,Special Financing,2024-03-26,BS,C0090588018,286000,160000,0.559,,,62,2026-09-17T12:19:11.008534Z
FREEMAN,JACKSON LORI,,,2200 Lamb Ave,Richmond,VA,,,Special Financing,Richmond City GIS,Richmond City,Special Financing,2024-04-01,BS,N0000490004,288000,54500,0.189,,,62,2026-09-17T12:19:11.008523Z
TOBAR,HECTOR AND,,,510 Woodstock Road,Richmond,VA,,,Special Financing,Richmond City GIS,Richmond City,Special Financing,2024-04-04,BS,C0060659044,155000,50000,0.323,,,62,2026-09-17T12:19:11.008513Z
MATOACA,INVESTMENTS LLC,,,5745 Sweetwood Dr,Richmond,VA,,,Special Financing,Richmond City GIS,Richmond City,Special Financing,2024-04-09,BS,C0070382020,180000,95000,0.528,,,62,2026-09-17T12:19:11.008502Z
SIMS,OTIS L SR,,,3613 Patsy Ann Dr,Richmond,VA,,,Special Financing,Richmond City GIS,Richmond City,Special Financing,2024-05-16,BS,C0080986025,229000,100000,0.437,,,62,2026-09-17T12:19:11.008381Z
TREK,INVESTMENTS LLC,,,3502 Decatur St,Richmond,VA,,,Special Financing,Richmond City GIS,Richmond City,Special Financing,2024-05-16,BS,S0002601007,130000,66700,0.513,,,62,2026-09-17T12:19:11.008386Z
BETTER,PROPERTIES LLC,,,3320 Watson Ave,Richmond,VA,,,Special Financing,Richmond City GIS,Richmond City,Special Financing,2024-05-24,BS,C0080708030,144000,55000,0.382,,,62,2026-09-17T12:19:11.008321Z
OBTAIN,REAL ESTATE GROUP LLC,,,2420 Pompey Spring Road,Richmond,VA,,,Special Financing,Richmond City GIS,Richmond City,Special Financing,2024-05-28,BS,C0090526012,45000,20000,0.444,,,62,2026-09-17T12:19:11.008315Z
DALEY,CHARLENE,,,1725 Clarkson Road,Richmond,VA,,,Special Financing,Richmond City GIS,Richmond City,Special Financing,2024-06-04,BS,C0060571018,304000,174000,0.572,,,62,2026-09-17T12:19:11.008270Z
EASTER,BRANDON J & HILL ALYSSA,,,3818 Baronet Dr,Richmond,VA,,,Special Financing,Richmond City GIS,Richmond City,Special Financing,2024-06-05,WD,C0090713014,216000,115000,0.532,,,62,2026-09-17T12:19:11.008264Z
CONE,INVESTMENTS LLC,,,3161 Bashford Lane,Richmond,VA,,,Special Financing,Richmond City GIS,Richmond City,Special Financing,2024-06-26,BS,C0090646002,168000,90000,0.536,,,62,2026-09-17T12:19:11.008242Z
HAUGHBROOK,MICHAEL J,,,6118 Daytona Dr,Richmond,VA,,,Special Financing,Richmond City GIS,Richmond City,Special Financing,2024-06-26,BS,C0070409008,198000,90000,0.455,,,62,2026-09-17T12:19:11.008248Z
LIMA,DE BARRERA BEATRIZ D,,,4436 Angus Road,Richmond,VA,,,Special Financing,Richmond City GIS,Richmond City,Special Financing,2024-07-23,BS,C0090950038,326000,73989,0.227,,,62,2026-09-17T12:19:11.008209Z
HOPKINS,ROAD INC,,,2906 Hopkins Road,Richmond,VA,,,Special Financing,Richmond City GIS,Richmond City,Special Financing,2024-08-06,BS,C0090606014,258000,125000,0.484,,,62,2026-09-17T12:19:11.008176Z
HOPKINS,ROAD INC,,,2906 Hopkins Road,Richmond,VA,,,Special Financing,Richmond City GIS,Richmond City,Special Financing,2024-10-02,BS,C0090606014,258000,150000,0.581,,,62,2026-09-17T12:19:11.008108Z
GODWIN,WILLIAM T AND NANCY A,,,2328 Heath Ave,Richmond,VA,,,Special Financing,Richmond City GIS,Richmond City,Special Financing,2024-01-24,WD,C0090423030,214000,130000,0.607,,,58,2026-09-17T12:19:11.008766Z
SANDER,HOLDINGS LLC,,,1024 Derrymore Road,Richmond,VA,,,Special Financing,Richmond City GIS,Richmond City,Special Financing,2024-02-06,BS,C0070256010,176000,120000,0.682,,,58,2026-09-17T12:19:11.008742Z
RVA,RENOVATORS LLC,,,3709 Decatur St,Richmond,VA,,,Special Financing,Richmond City GIS,Richmond City,Special Financing,2024-02-16,BS,C0060092008,213000,130000,0.61,,,58,2026-09-17T12:19:11.008722Z
BEDOYA,ERICK D,,,6118 Coniston Ave,Richmond,VA,,,Special Financing,Richmond City GIS,Richmond City,Special Financing,2024-02-27,WD,C0070348018,211000,141000,0.668,,,58,2026-09-17T12:19:11.008677Z
LAINGEN,JAMES P AND HOPE A,,,3305 Stockton St,Richmond,VA,,,Special Financing,Richmond City GIS,Richmond City,Special Financing,2024-02-29,BS,S0002281012,223000,140000,0.628,,,58,2026-09-17T12:19:11.008626Z
SALAZAR,JAURI MAUCELIO GALICIA,,,2515 Mandy Lane,Richmond,VA,,,Special Financing,Richmond City GIS,Richmond City,Special Financing,2024-03-12,BS,C0080424146,323000,220000,0.681,,,58,2026-09-17T12:19:11.008567Z
BAJWA,ADEEL,,,3415 Mike Road,Richmond,VA,,,Special Financing,Richmond City GIS,Richmond City,Special Financing,2024-03-15,BS,S0080820030,146000,100000,0.685,,,58,2026-09-17T12:19:11.008556Z
M,& B TWINS LLC,,,2312 Gordon Ave,Richmond,VA,,,Special Financing,Richmond City GIS,Richmond City,Special Financing,2024-03-20,BS,S0000645006,149000,95000,0.638,,,58,2026-09-17T12:19:11.008545Z
BOAMAH,ABIGAIL GRAHAM AND,,,4301 Pettus Road,Richmond,VA,,,Special Financing,Richmond City GIS,Richmond City,Special Financing,2024-04-18,BS,C0080510018,301000,185000,0.615,,,58,2026-09-17T12:19:11.008476Z
CARTER,HOME INVESTMENTS LLC,,,2901 Terminal Ave,Richmond,VA,,,Special Financing,Richmond City GIS,Richmond City,Special Financing,2024-04-19,BS,C0090595010,184000,125000,0.679,,,58,2026-09-17T12:19:11.008467Z
LATAM,EQUITY HOLDINGS LLC,,,4500 Kelnor Ave,Richmond,VA,,,Special Financing,Richmond City GIS,Richmond City,Special Financing,2024-04-23,BS,C0060505038,180000,125000,0.694,,,58,2026-09-17T12:19:11.008450Z
ALVARADO,ORTIZ JOSE CORONADO,,,1616 Tennyson Ave,Richmond,VA,,,Special Financing,Richmond City GIS,Richmond City,Special Financing,2024-05-03,BS,C0070469009,239000,152650,0.639,,,58,2026-09-17T12:19:11.008408Z
PANTOJA,CARMEN MARIA DURON,,,4001 Old Warwick Road,Richmond,VA,,,Special Financing,Richmond City GIS,Richmond City,Special Financing,2024-05-13,BS,C0080393022,209000,130000,0.622,,,58,2026-09-17T12:19:11.008397Z
RAMIREZ,MARLIN G,,,1401 Whitehead Road,Richmond,VA,,,Special Financing,Richmond City GIS,Richmond City,Special Financing,2024-05-17,BS,C0070436008,120000,80000,0.667,,,58,2026-09-17T12:19:11.008348Z
PRINCE,PROPERTIES OF RICHMOND,,,6525 Brookline St,Richmond,VA,,,Special Financing,Richmond City GIS,Richmond City,Special Financing,2024-05-31,BS,C0070128003,195000,135000,0.692,,,58,2026-09-17T12:19:11.008299Z
POWERHOUSE,CONSULTANTS LLC,,,1420 Talbert Dr,Richmond,VA,,,Special Financing,Richmond City GIS,Richmond City,Special Financing,2024-06-03,BS,C0090148048,168000,110000,0.655,,,58,2026-09-17T12:19:11.008281Z
ARGOS,LLC,,,1041 Newkirk Dr,Richmond,VA,,,Special Financing,Richmond City GIS,Richmond City,Special Financing,2024-06-13,BS,C0060531006,238000,165000,0.693,,,58,2026-09-17T12:19:11.008253Z
LOPEZ,MARIO EMERSON MORENO,,,5365 Germain Road,Richmond,VA,,,Special Financing,Richmond City GIS,Richmond City,Special Financing,2024-07-02,BS,C0080337002,323000,200000,0.619,,,58,2026-09-17T12:19:11.008220Z
PRICE,RENEE Y,,,1602 Boston Ave,Richmond,VA,,,Special Financing,Richmond City GIS,Richmond City,Special Financing,2024-07-19,BS,S0000338017,293000,190000,0.648,,,58,2026-09-17T12:19:11.008214Z
WHEELHOUSE,INVESTMENT,,,4237 Holcombe Road,Richmond,VA,,,Special Financing,Richmond City GIS,Richmond City,Special Financing,2024-07-31,BS,C0080875002,199000,132000,0.663,,,58,2026-09-17T12:19:11.008182Z
,,,,2510 Lynhaven Ave,Richmond,VA,,City of Richmond,Surplus Property,Richmond City Surplus,Richmond City,Surplus Property,,,S0080418001,0,0,,,,55,2026-09-17T12:19:11.224862Z
,,,,1315 N 38th Street,Richmond,VA,,City of Richmond,Surplus Property,Richmond City Surplus,Richmond City,Surplus Property,,,E0001767009,0,0,,,,55,2026-09-17T12:19:11.224877Z
,,,,1900 Eastview Lane,Richmond,VA,,City of Richmond,Surplus Property,Richmond City Surplus,Richmond City,Surplus Property,,,E0001057001,0,0,,,,55,2026-09-17T12:19:11.224880Z
,,,,1902 Eastview Lane,Richmond,VA,,City of Richmond,Surplus Property,Richmond City Surplus,Richmond City,Surplus Property,,,E0001057002,0,0,,,,55,2026-09-17T12:19:11.224882Z
,,,,1904 Eastview Lane,Richmond,VA,,City of Richmond,Surplus Property,Richmond City Surplus,Richmond City,Surplus Property,,,E0001057003,0,0,,,,55,2026-09-17T12:19:11.224884Z
,,,,1906 Eastview Lane,Richmond,VA,,City of Richmond,Surplus Property,Richmond City Surplus,Richmond City,Surplus Property,,,E0001057004,0,0,,,,55,2026-09-17T12:19:11.224887Z
,,,,1908 Eastview Lane,Richmond,VA,,City of Richmond,Surplus Property,Richmond City Surplus,Richmond City,Surplus Property,,,E0001057005,0,0,,,,55,2026-09-17T12:19:11.224889Z
,,,,1910 Eastview Lane,Richmond,VA,,City of Richmond,Surplus Property,Richmond City Surplus,Richmond City,Surplus Property,,,E0001057006,0,0,,,,55,2026-09-17T12:19:11.224895Z
,,,,1912 Eastview Lane,Richmond,VA,,City of Richmond,Surplus Property,Richmond City Surplus,Richmond City,Surplus Property,,,E0001057007,0,0,,,,55,2026-09-17T12:19:11.224898Z
,,,,1914 Eastview Lane,Richmond,VA,,City of Richmond,Surplus Property,Richmond City Surplus,Richmond City,Surplus Property,,,E0001057008,0,0,,,,55,2026-09-17T12:19:11.224901Z
,,,,1916 Eastview Lane,Richmond,VA,,City of Richmond,Surplus Property,Richmond City Surplus,Richmond City,Surplus Property,,,E0001057009,0,0,,,,55,2026-09-17T12:19:11.224903Z
,,,,1926 Eastview Lane,Richmond,VA,,City of Richmond,Surplus Property,Richmond City Surplus,Richmond City,Surplus Property,,,E0001058001,0,0,,,,55,2026-09-17T12:19:11.224906Z
,,,,1928 Eastview Lane,Richmond,VA,,City of Richmond,Surplus Property,Richmond City Surplus,Richmond City,Surplus Property,,,E0001058002,0,0,,,,55,2026-09-17T12:19:11.224907Z
,,,,1930 Eastview Lane,Richmond,VA,,City of Richmond,Surplus Property,Richmond City Surplus,Richmond City,Surplus Property,,,E0001058003,0,0,,,,55,2026-09-17T12:19:11.224909Z
,,,,1932 Eastview Lane,Richmond,VA,,City of Richmond,Surplus Property,Richmond City Surplus,Richmond City,Surplus Property,,,E0001058004,0,0,,,,55,2026-09-17T12:19:11.224911Z
,,,,1934 Eastview Lane,Richmond,VA,,City of Richmond,Surplus Property,Richmond City Surplus,Richmond City,Surplus Property,,,E0001058005,0,0,,,,55,2026-09-17T12:19:11.224913Z
,,,,1936 Eastview Lane,Richmond,VA,,City of Richmond,Surplus Property,Richmond City Surplus,Richmond City,Surplus Property,,,E0001058006,0,0,,,,55,2026-09-17T12:19:11.224915Z
,,,,1938 Eastview Lane,Richmond,VA,,City of Richmond,Surplus Property,Richmond City Surplus,Richmond City,Surplus Property,,,E0001058007,0,0,,,,55,2026-09-17T12:19:11.224917Z
,,,,212 N. 18th Street,Richmond,VA,,City of Richmond,Surplus Property,Richmond City Surplus,Richmond City,Surplus Property,,,E0000160013,0,0,,,,55,2026-09-17T12:19:11.224919Z
,,,,401 E. Broad St.,Richmond,VA,,City of Richmond,Surplus Property,Richmond City Surplus,Richmond City,Surplus Property,,,W0000025001,0,0,,,,55,2026-09-17T12:19:11.224921Z
,,,,2200 Ingram Avenue,Richmond,VA,,City of Richmond,Surplus Property,Richmond City Surplus,Richmond City,Surplus Property,,,S0000863001,0,0,,,,55,2026-09-17T12:19:11.224923Z
,,,,609 E. Grace St.,Richmond,VA,,City of Richmond,Surplus Property,Richmond City Surplus,Richmond City,Surplus Property,,,W0000008001,0,0,,,,55,2026-09-17T12:19:11.224925Z
,,,,116 N. 7th St.,Richmond,VA,,City of Richmond,Surplus Property,Richmond City Surplus,Richmond City,Surplus Property,,,W0000008008,0,0,,,,55,2026-09-17T12:19:11.224927Z
,,,,114 N. 7th St.,Richmond,VA,,City of Richmond,Surplus Property,Richmond City Surplus,Richmond City,Surplus Property,,,W0000008009,0,0,,,,55,2026-09-17T12:19:11.224929Z
,,,,112 N. 7th St.,Richmond,VA,,City of Richmond,Surplus Property,Richmond City Surplus,Richmond City,Surplus Property,,,W0000008010,0,0,,,,55,2026-09-17T12:19:11.224931Z
,,,,607 E. Marshall St.,Richmond,VA,,City of Richmond,Surplus Property,Richmond City Surplus,Richmond City,Surplus Property,,,N0000005001,0,0,,,,55,2026-09-17T12:19:11.224933Z
,,,,216 N. Adams St.,Richmond,VA,,City of Richmond,Surplus Property,Richmond City Surplus,Richmond City,Surplus Property,,,W0000127012,0,0,,,,55,2026-09-17T12:19:11.224935Z
,,,,100 W. Grace St.,Richmond,VA,,City of Richmond,Surplus Property,Richmond City Surplus,Richmond City,Surplus Property,,,W0000127018,0,0,,,,55,2026-09-17T12:19:11.224937Z
,,,,218 N. Adams St.,Richmond,VA,,City of Richmond,Surplus Property,Richmond City Surplus,Richmond City,Surplus Property,,,W0000127011,0,0,,,,55,2026-09-17T12:19:11.224939Z
,,,,212 N. Adams St.,Richmond,VA,,City of Richmond,Surplus Property,Richmond City Surplus,Richmond City,Surplus Property,,,W0000127014,0,0,,,,55,2026-09-17T12:19:11.224941Z
,,,,210 N. Adams St.,Richmond,VA,,City of Richmond,Surplus Property,Richmond City Surplus,Richmond City,Surplus Property,,,W0000127015,0,0,,,,55,2026-09-17T12:19:11.224943Z
,,,,214 N. Adams St,Richmond,VA,,City of Richmond,Surplus Property,Richmond City Surplus,Richmond City,Surplus Property,,,W0000127013,0,0,,,,55,2026-09-17T12:19:11.224945Z
,,,,118 W. Grace St.,Richmond,VA,,City of Richmond,Surplus Property,Richmond City Surplus,Richmond City,Surplus Property,,,W0000127023,0,0,,,,55,2026-09-17T12:19:11.224947Z
,,,,120 W. Grace St.,Richmond,VA,,City of Richmond,Surplus Property,Richmond City Surplus,Richmond City,Surplus Property,,,W0000127024,0,0,,,,55,2026-09-17T12:19:11.224949Z
,,,,114 W. Grace St.,Richmond,VA,,City of Richmond,Surplus Property,Richmond City Surplus,Richmond City,Surplus Property,,,W0000127022,0,0,,,,55,2026-09-17T12:19:11.224951Z
,,,,3301 Williamsburg Ave.,Richmond,VA,,City of Richmond,Surplus Property,Richmond City Surplus,Richmond City,Surplus Property,,,E0000738009,0,0,,,,55,2026-09-17T12:19:11.224953Z
,,,,3110 E Main Street,Richmond,VA,,City of Richmond,Surplus Property,Richmond City Surplus,Richmond City,Surplus Property,,,E0000642002,0,0,,,,55,2026-09-17T12:19:11.224955Z
,,,,3200 E Main Street,Richmond,VA,,City of Richmond,Surplus Property,Richmond City Surplus,Richmond City,Surplus Property,,,E0000738013,0,0,,,,55,2026-09-17T12:19:11.224957Z
,,,,808 E. Clay,Richmond,VA,,City of Richmond,Surplus Property,Richmond City Surplus,Richmond City,Surplus Property,,,N0000009001,0,0,,,,55,2026-09-17T12:19:11.224959Z
,,,,800 E. Clay,Richmond,VA,,City of Richmond,Surplus Property,Richmond City Surplus,Richmond City,Surplus Property,,,N0000009002,0,0,,,,55,2026-09-17T12:19:11.224961Z
,,,,1113 Moore Street,Richmond,VA,,City of Richmond,Surplus Property,Richmond City Surplus,Richmond City,Surplus Property,,,N0000469003,0,0,,,,55,2026-09-17T12:19:11.224963Z
,,,,3801 Hermitage Road,Richmond,VA,,City of Richmond,Surplus Property,Richmond City Surplus,Richmond City,Surplus Property,,,N0001955017,0,0,,,,55,2026-09-17T12:19:11.224965Z
,,,,3060 Maury Street,Richmond,VA,,City of Richmond,Surplus Property,Richmond City Surplus,Richmond City,Surplus Property,,,S0071016003,0,0,,,,55,2026-09-17T12:19:11.224967Z
,,,,3100 Maury Street,Richmond,VA,,City of Richmond,Surplus Property,Richmond City Surplus,Richmond City,Surplus Property,,,S0071016002,0,0,,,,55,2026-09-17T12:19:11.224969Z
,,,,3060 A Maury Street,Richmond,VA,,City of Richmond,Surplus Property,Richmond City Surplus,Richmond City,Surplus Property,,,S0071016008,0,0,,,,55,2026-09-17T12:19:11.224971Z
,,,,2900 Maury Street,Richmond,VA,,City of Richmond,Surplus Property,Richmond City Surplus,Richmond City,Surplus Property,,,S0071016006,0,0,,,,55,2026-09-17T12:19:11.224973Z
,,,,1621  Rose Ave,Richmond,VA,,City of Richmond,Surplus Property,Richmond City Surplus,Richmond City,Surplus Property,,,N0000257023,0,0,,,,55,2026-09-17T12:19:11.224975Z
,,,,1600 Rose Ave,Richmond,VA,,City of Richmond,Surplus Property,Richmond City Surplus,Richmond City,Surplus Property,,,N0000256001,0,0,,,,55,2026-09-17T12:19:11.224977Z
,,,,1520 St James St,Richmond,VA,,City of Richmond,Surplus Property,Richmond City Surplus,Richmond City,Surplus Property,,,N0000258001,0,0,,,,55,2026-09-17T12:19:11.225001Z
,,,,1  Pegg St,Richmond,VA,,City of Richmond,Surplus Property,Richmond City Surplus,Richmond City,Surplus Property,,,N0000226001,0,0,,,,55,2026-09-17T12:19:11.225003Z
,,,,1500 Rose Ave,Richmond,VA,,City of Richmond,Surplus Property,Richmond City Surplus,Richmond City,Surplus Property,,,N0000225001,0,0,,,,55,2026-09-17T12:19:11.225005Z
,,,,3605 Hickory Road,Richmond,VA,,City of Richmond,Surplus Property,Richmond City Surplus,Richmond City,Surplus Property,,,C0010682044,0,0,,,,55,2026-09-17T12:19:11.225007Z
,,,,620 Rosemont Road,Richmond,VA,,City of Richmond,Surplus Property,Richmond City Surplus,Richmond City,Surplus Property,,,C0060659036,0,0,,,,55,2026-09-17T12:19:11.225009Z
,,,,3410 Belmont Road,Richmond,VA,,City of Richmond,Surplus Property,Richmond City Surplus,Richmond City,Surplus Property,,,C0080939027,0,0,,,,55,2026-09-17T12:19:11.225011Z
,,,,3420 Belmont Road,Richmond,VA,,City of Richmond,Surplus Property,Richmond City Surplus,Richmond City,Surplus Property,,,C0080939028,0,0,,,,55,2026-09-17T12:19:11.225013Z
,,,,5114 W Belmont Road,Richmond,VA,,City of Richmond,Surplus Property,Richmond City Surplus,Richmond City,Surplus Property,,,C0080939051,0,0,,,,55,2026-09-17T12:19:11.225015Z
,,,,3600 Belmont Road,Richmond,VA,,City of Richmond,Surplus Property,Richmond City Surplus,Richmond City,Surplus Property,,,C0081101001,0,0,,,,55,2026-09-17T12:19:11.225017Z
,,,,3026 Bells Road,Richmond,VA,,City of Richmond,Surplus Property,Richmond City Surplus,Richmond City,Surplus Property,,,C0090800030,0,0,,,,55,2026-09-17T12:19:11.225019Z
,,,,211 S 14th St,Richmond,VA,,City of Richmond,Surplus Property,Richmond City Surplus,Richmond City,Surplus Property,,,E0000054001,0,0,,,,55,2026-09-17T12:19:11.225024Z
,,,,1901 Bowling Green Road,Richmond,VA,,City of Richmond,Surplus Property,Richmond City Surplus,Richmond City,Surplus Property,,,E0000830004,0,0,,,,55,2026-09-17T12:19:11.225026Z
,,,,750 Hospital St,Richmond,VA,,City of Richmond,Surplus Property,Richmond City Surplus,Richmond City,Surplus Property,,,E0000830010,0,0,,,,55,2026-09-17T12:19:11.225028Z
,,,,750 A Hospital St.,Richmond,VA,,City of Richmond,Surplus Property,Richmond City Surplus,Richmond City,Surplus Property,,,E0000830022,0,0,,,,55,2026-09-17T12:19:11.225030Z
,,,,1201 N 38th St,Richmond,VA,,City of Richmond,Surplus Property,Richmond City Surplus,Richmond City,Surplus Property,,,E0001551015,0,0,,,,55,2026-09-17T12:19:11.225035Z
,,,,1703 Rawlings St,Richmond,VA,,City of Richmond,Surplus Property,Richmond City Surplus,Richmond City,Surplus Property,,,E0110163003,0,0,,,,55,2026-09-17T12:19:11.225037Z
,,,,2700 Fairfield Ave,Richmond,VA,,City of Richmond,Surplus Property,Richmond City Surplus,Richmond City,Surplus Property,,,E0120265020,0,0,,,,55,2026-09-17T12:19:11.225039Z
,,,,2406 N 28th St,Richmond,VA,,City of Richmond,Surplus Property,Richmond City Surplus,Richmond City,Surplus Property,,,E0120295007,0,0,,,,55,2026-09-17T12:19:11.225041Z
,,,,1901 N 28th St,Richmond,VA,,City of Richmond,Surplus Property,Richmond City Surplus,Richmond City,Surplus Property,,,E0120401015,0,0,,,,55,2026-09-17T12:19:11.225043Z
,,,,1821 N 28th St,Richmond,VA,,City of Richmond,Surplus Property,Richmond City Surplus,Richmond City,Surplus Property,,,E0120427001,0,0,,,,55,2026-09-17T12:19:11.225045Z
,,,,800 N 3rd St.,Richmond,VA,,City of Richmond,Surplus Property,Richmond City Surplus,Richmond City,Surplus Property,,,N0000031001,0,0,,,,55,2026-09-17T12:19:11.225050Z
,,,,2414 Lamb Ave,Richmond,VA,,City of Richmond,Surplus Property,Richmond City Surplus,Richmond City,Surplus Property,,,N0000543006,0,0,,,,55,2026-09-17T12:19:11.225052Z
,,,,3001 3rd Ave,Richmond,VA,,City of Richmond,Surplus Property,Richmond City Surplus,Richmond City,Surplus Property,,,N0000922004,0,0,,,,55,2026-09-17T12:19:11.225054Z
,,,,207 E Ladies Mile Road,Richmond,VA,,City of Richmond,Surplus Property,Richmond City Surplus,Richmond City,Surplus Property,,,N0001550002,0,0,,,,55,2026-09-17T12:19:11.225057Z
,,,,500 W Ladies Mile Road,Richmond,VA,,City of Richmond,Surplus Property,Richmond City Surplus,Richmond City,Surplus Property,,,N0160205019,0,0,,,,55,2026-09-17T12:19:11.225059Z
,,,,214 1/2 W 31st St,Richmond,VA,,City of Richmond,Surplus Property,Richmond City Surplus,Richmond City,Surplus Property,,,S0001479011,0,0,,,,55,2026-09-17T12:19:11.225061Z
,,,,2401 1/2 Ruffin Road,Richmond,VA,,City of Richmond,Surplus Property,Richmond City Surplus,Richmond City,Surplus Property,,,S0080668011,0,0,,,,55,2026-09-17T12:19:11.225063Z
,,,,3113 Davie St,Richmond,VA,,City of Richmond,Surplus Property,Richmond City Surplus,Richmond City,Surplus Property,,,S0080668014,0,0,,,,55,2026-09-17T12:19:11.225065Z
,,,,204 S Linden St,Richmond,VA,,City of Richmond,Surplus Property,Richmond City Surplus,Richmond City,Surplus Property,,,W0000334002,0,0,,,,55,2026-09-17T12:19:11.225067Z
,,,,1117 Randolph St,Richmond,VA,,City of Richmond,Surplus Property,Richmond City Surplus,Richmond City,Surplus Property,,,W0000431012,0,0,,,,55,2026-09-17T12:19:11.225069Z
,,,,606 Seneca Road,Richmond,VA,,City of Richmond,Surplus Property,Richmond City Surplus,Richmond City,Surplus Property,,,W0200110020,0,0,,,,55,2026-09-17T12:19:11.225072Z
,,,,3101 N Arthur Ashe Blvd,Richmond,VA,,City of Richmond,Surplus Property,Richmond City Surplus,Richmond City,Surplus Property,,,N0001512001,0,0,,,,55,2026-09-17T12:19:11.225074Z
,,,,3017 N Arthur Ashe Blvd,Richmond,VA,,City of Richmond,Surplus Property,Richmond City Surplus,Richmond City,Surplus Property,,,N0001510009,0,0,,,,55,2026-09-17T12:19:11.225076Z
,,,,3001 N Arthur Ashe Blvd,Richmond,VA,,City of Richmond,Surplus Property,Richmond City Surplus,Richmond City,Surplus Property,,,N0001510020,0,0,,,,55,2026-09-17T12:19:11.225078Z
,,,,2909 N Arthur Ashe Blvd,Richmond,VA,,City of Richmond,Surplus Property,Richmond City Surplus,Richmond City,Surplus Property,,,N0001510011,0,0,,,,55,2026-09-17T12:19:11.225080Z
,,,,2907 N Arthur Ashe Blvd,Richmond,VA,,City of Richmond,Surplus Property,Richmond City Surplus,Richmond City,Surplus Property,,,N0001510012,0,0,,,,55,2026-09-17T12:19:11.225082Z
,,,,2728 Hermitage Road,Richmond,VA,,City of Richmond,Surplus Property,Richmond City Surplus,Richmond City,Surplus Property,,,N0001510013,0,0,,,,55,2026-09-17T12:19:11.225084Z
MCCRAY,JENNIFER,,,6124 Daytona Dr,Richmond,VA,,,Special Financing,Richmond City GIS,Richmond City,Special Financing,2024-01-02,BS,C0070409010,186000,150000,0.806,,,54,2026-09-17T12:19:11.008845Z
EMERSON,ROSE LLC,,,2111 Chicago Ave,Richmond,VA,,,Special Financing,Richmond City GIS,Richmond City,Special Financing,2024-01-10,BS,S0000400009,187000,158000,0.845,,,54,2026-09-17T12:19:11.008817Z
NEWSHAM,KATHERINE,,,1208 1/2 N 19th St,Richmond,VA,,,Special Financing,Richmond City GIS,Richmond City,Special Financing,2024-01-17,WD,E0000552021B,291000,205000,0.704,,,54,2026-09-17T12:19:11.008796Z
BETTER,PROPERTIES LLC,,,5214 Germain Road,Richmond,VA,,,Special Financing,Richmond City GIS,Richmond City,Special Financing,2024-01-30,BS,C0080339020,175000,123000,0.703,,,54,2026-09-17T12:19:11.008758Z
4205,KINSLEY AVENUE SERIES,,,4205 Kinsley Ave,Richmond,VA,,,Special Financing,Richmond City GIS,Richmond City,Special Financing,2024-02-02,BS,C0060472020,214000,175000,0.818,,,54,2026-09-17T12:19:11.008753Z
OVERSTREET,KAHDIJAH,,,948 Barlen Dr,Richmond,VA,,,Special Financing,Richmond City GIS,Richmond City,Special Financing,2024-02-15,BS,C0070140040,245000,189900,0.775,,,54,2026-09-17T12:19:11.008731Z
HALFACRE,PARKER J,,,1204 1/2 N 19th St,Richmond,VA,,,Special Financing,Richmond City GIS,Richmond City,Special Financing,2024-02-20,WD,E0000552017B,291000,205000,0.704,,,54,2026-09-17T12:19:11.008717Z
CARTER,CHARLEY ANNE,,,3602 Greer Ave,Richmond,VA,,,Special Financing,Richmond City GIS,Richmond City,Special Financing,2024-02-21,BS,C0090897006,270000,190000,0.704,,,54,2026-09-17T12:19:11.008711Z
LUCID,INVESTMENTS LLC,,,1420 W Laburnum Ave,Richmond,VA,,,Special Financing,Richmond City GIS,Richmond City,Special Financing,2024-04-16,WD,N0001821026,408000,319900,0.784,,,54,2026-09-17T12:19:11.008482Z
INGE,CAPITAL CONTRACTORS INC,,,1506 Talbert Dr,Richmond,VA,,,Special Financing,Richmond City GIS,Richmond City,Special Financing,2024-04-23,BS,C0090199048,165000,132500,0.803,,,54,2026-09-17T12:19:11.008444Z
DAY,MORGAN N,,,1500 Kansas Ave,Richmond,VA,,,Special Financing,Richmond City GIS,Richmond City,Special Financing,2024-05-17,WD,W0000700015,303000,220000,0.726,,,54,2026-09-17T12:19:11.008353Z
HERNANDEZ,GUILLERMO DIAZ AND,,,801 Queen Anne Dr,Richmond,VA,,,Special Financing,Richmond City GIS,Richmond City,Special Financing,2024-05-21,WD,C0060763006,182000,150000,0.824,,,54,2026-09-17T12:19:11.008337Z
CAVA,CAPITAL LLC,,,3600 Platinum Road,Richmond,VA,,,Special Financing,Richmond City GIS,Richmond City,Special Financing,2024-05-29,BS,C0090743008,229000,175000,0.764,,,54,2026-09-17T12:19:11.008304Z
LIPSCOMB,CEAIRRA LASHAUNDRA,,,107 E 17th St,Richmond,VA,,,Special Financing,Richmond City GIS,Richmond City,Special Financing,2024-05-31,WD,S0000236031,277000,195000,0.704,,,54,2026-09-17T12:19:11.008287Z
POJOY,MARVIN RODRIGUEZ,,,1915 Belt Blvd,Richmond,VA,,,Special Financing,Richmond City GIS,Richmond City,Special Financing,2024-06-28,BS,C0090350048,146000,115000,0.788,,,54,2026-09-17T12:19:11.008226Z
DOMINION,REAL ESTATE SOLUTIONS,,,3001 Glenan Dr,Richmond,VA,,,Special Financing,Richmond City GIS,Richmond City,Special Financing,2024-07-23,BS,C0090715018,251000,182610,0.728,,,54,2026-09-17T12:19:11.008198Z
K,B HOME BUYERS LLC,,,5982 Swanson Road,Richmond,VA,,,Special Financing,Richmond City GIS,Richmond City,Special Financing,2024-07-25,BS,C0070166040,223000,170000,0.762,,,54,2026-09-17T12:19:11.008187Z
VERTEX,REALTY AND INVESTMENTS,,,1125 Evergreen Ave,Richmond,VA,,,Special Financing,Richmond City GIS,Richmond City,Special Financing,2024-08-07,BS,C0060263004,226000,170000,0.752,,,54,2026-09-17T12:19:11.008171Z
LEIGH,OFFICE BLD LLC,,,3435 W Leigh St,Richmond,VA,,,Special Financing,Richmond City GIS,Richmond City,Special Financing,2024-08-09,BS,N0001786009,2724000,2250000,0.826,,,54,2026-09-17T12:19:11.008164Z
906,WHITEHEAD ROAD LAND TRUST,,,906 Whitehead Road,Richmond,VA,,,Special Financing,Richmond City GIS,Richmond City,Special Financing,2024-08-13,BS,C0070255002,249000,185000,0.743,,,54,2026-09-17T12:19:11.008148Z
DOQUE,CAPITAL LLC,,,4005 Vial Road,Richmond,VA,,,Special Financing,Richmond City GIS,Richmond City,Special Financing,2024-09-09,BS,C0090844044,286000,205000,0.717,,,54,2026-09-17T12:19:11.008131Z
J,& M SUPPLYS CORPORATION,,,300 Green Acres Ave,Richmond,VA,,,Special Financing,Richmond City GIS,Richmond City,Special Financing,2024-10-03,BS,C0060488020,45000,35000,0.778,,,54,2026-09-17T12:19:11.008100Z
HENDRICKSON,LEE MICHAEL AND,,,3113 Johns Way,Richmond,VA,,,Special Financing,Richmond City GIS,Richmond City,Special Financing,2024-01-04,BS,C0081053064,346000,445000,1.286,,,50,2026-09-17T12:19:11.008839Z
ROBLES,RENOVATIONS LLC,,,6350 Daytona Dr,Richmond,VA,,,Special Financing,Richmond City GIS,Richmond City,Special Financing,2024-01-05,BS,C0070406071,50000,60000,1.2,,,50,2026-09-17T12:19:11.008825Z
VERY,GOOD PROPERTIES LLC,,,900 W Clay St,Richmond,VA,,,Special Financing,Richmond City GIS,Richmond City,Special Financing,2024-01-11,BS,N0000387030,270000,242000,0.896,,,50,2026-09-17T12:19:11.008812Z
HERNANDEZ,MARISELA,,,3720 Meridian Ave,Richmond,VA,,,Special Financing,Richmond City GIS,Richmond City,Special Financing,2024-01-16,BS,S0080885030,184000,160000,0.87,,,50,2026-09-17T12:19:11.008801Z
RASPATELLY,GABRIEL A,,,3128 Johns Way,Richmond,VA,,,Special Financing,Richmond City GIS,Richmond City,Special Financing,2024-01-17,BS,C0081053071,342000,443000,1.295,,,50,2026-09-17T12:19:11.008782Z
HASSAN,KHADIJA,,,2858 Lawson St,Richmond,VA,,,Special Financing,Richmond City GIS,Richmond City,Special Financing,2024-02-13,BS,S0001223004B,160000,190000,1.188,,,50,2026-09-17T12:19:11.008736Z
GROSSE,THERESA M,,,3306 O St,Richmond,VA,,,Special Financing,Richmond City GIS,Richmond City,Special Financing,2024-02-23,BS,E0000879033,445000,465000,1.045,,,50,2026-09-17T12:19:11.008693Z
CROOM,SIERRA S,,,3304 O St,Richmond,VA,,,Special Financing,Richmond City GIS,Richmond City,Special Financing,2024-02-23,BS,E0000879022,445000,465000,1.045,,,50,2026-09-17T12:19:11.008701Z
ORELLANA,JUAN CARLOS AVILA,,,1304 Enfield Ave,Richmond,VA,,,Special Financing,Richmond City GIS,Richmond City,Special Financing,2024-02-26,BS,S0071178006,147000,170000,1.156,,,50,2026-09-17T12:19:11.008683Z
ELDERHOMES,CORP T/A PROJECT,,,2110 Newbourne St,Richmond,VA,,,Special Financing,Richmond City GIS,Richmond City,Special Financing,2024-02-29,BS,E0120286027,64000,225000,3.516,,,50,2026-09-17T12:19:11.008637Z
BAPTISTE,DEVELOPMENT LLC,,,3303 Stockton St,Richmond,VA,,,Special Financing,Richmond City GIS,Richmond City,Special Financing,2024-02-29,BS,S0002281011,5000,140000,28.0,,,50,2026-09-17T12:19:11.008643Z
ELDERHOMES,CORP T/A PROJECT,,,2109 Newbourne St,Richmond,VA,,,Special Financing,Richmond City GIS,Richmond City,Special Financing,2024-02-29,BS,E0120313006,129000,225000,1.744,,,50,2026-09-17T12:19:11.008648Z
ELDERHOMES,CORP T/A PROJECT,,,2102 Newbourne St,Richmond,VA,,,Special Financing,Richmond City GIS,Richmond City,Special Financing,2024-02-29,BS,E0120286031,64000,225000,3.516,,,50,2026-09-17T12:19:11.008653Z
ELDERHOMES,CORP T/A PROJECT,,,2112 1/2 Newbourne St,Richmond,VA,,,Special Financing,Richmond City GIS,Richmond City,Special Financing,2024-02-29,BS,E0120286025,64000,225000,3.516,,,50,2026-09-17T12:19:11.008659Z
ELDERHOMES,CORP T/A PROJECT,,,2114 Newbourne St,Richmond,VA,,,Special Financing,Richmond City GIS,Richmond City,Special Financing,2024-02-29,BS,E0120286024,64000,225000,3.516,,,50,2026-09-17T12:19:11.008664Z
LEMARG,PROPERTIES LLC,,,4210 Sheffield Road,Richmond,VA,,,Special Financing,Richmond City GIS,Richmond City,Special Financing,2024-03-01,BS,C0060403022,174000,178000,1.023,,,50,2026-09-17T12:19:11.008618Z
RUFFIN,ENTERPRISES LLC,,,730 Whitehead Road,Richmond,VA,,,Special Financing,Richmond City GIS,Richmond City,Special Financing,2024-03-06,BS,C0070165028,50000,65500,1.31,,,50,2026-09-17T12:19:11.008612Z
RAIDA,JOSE A,,,2414 Yorktown Ave,Richmond,VA,,,Special Financing,Richmond City GIS,Richmond City,Special Financing,2024-03-08,BS,S0080451009,128000,149950,1.171,,,50,2026-09-17T12:19:11.008589Z
ES,PROPERTIES 2 LLC,,,3104 Utah Pl,Richmond,VA,,,Special Financing,Richmond City GIS,Richmond City,Special Financing,2024-03-08,BS,N0000992010,171000,175000,1.023,,,50,2026-09-17T12:19:11.008594Z
ROCHA,MA GUADALUPE AND,,,622 Queen Anne Dr,Richmond,VA,,,Special Financing,Richmond City GIS,Richmond City,Special Financing,2024-03-14,BS,C0060726034,154000,185000,1.201,,,50,2026-09-17T12:19:11.008562Z
NGUNDJI,BORIS AND CAROLINE,,,1412 Bainbridge St,Richmond,VA,,,Special Financing,Richmond City GIS,Richmond City,Special Financing,2024-03-25,BS,S0000153009,288000,314000,1.09,,,50,2026-09-17T12:19:11.008539Z
HALE,JONATHAN L,,,1311 N 21st St,Richmond,VA,,,Special Financing,Richmond City GIS,Richmond City,Special Financing,2024-04-01,BS,E0000615025,251000,270000,1.076,,,50,2026-09-17T12:19:11.008529Z
MCADAMS,STEVEN,,,19 Chuckatuck Ave,Richmond,VA,,,Special Financing,Richmond City GIS,Richmond City,Special Financing,2024-04-02,WD,C0060351018,194000,229000,1.18,,,50,2026-09-17T12:19:11.008518Z
T,H LLC,,,1300 Porter St,Richmond,VA,,,Special Financing,Richmond City GIS,Richmond City,Special Financing,2024-04-05,BS,S0000120008,333000,520000,1.562,,,50,2026-09-17T12:19:11.008507Z
YELANJIAN,GABRIEL JAMES AND,,,3405 Stockton St,Richmond,VA,,,Special Financing,Richmond City GIS,Richmond City,Special Financing,2024-04-10,BS,S0002452011,288000,272500,0.946,,,50,2026-09-17T12:19:11.008496Z
700,WEST 44 LP,,,4540 Bassett Ave,Richmond,VA,,,Special Financing,Richmond City GIS,Richmond City,Special Financing,2024-04-15,BS,S0053315011,94000,2000000,21.277,,,50,2026-09-17T12:19:11.008488Z
AWAD,TALEB MOHAMMAD FARID AND,,,4417 Warwick Road,Richmond,VA,,,Special Financing,Richmond City GIS,Richmond City,Special Financing,2024-04-22,BS,C0080309083,317000,280000,0.883,,,50,2026-09-17T12:19:11.008455Z
BIBIAN,PANTOJA JAIME,,,1908 Rear Powell Road,Richmond,VA,,,Special Financing,Richmond City GIS,Richmond City,Special Financing,2024-04-22,BS,C0080176008,58000,75000,1.293,,,50,2026-09-17T12:19:11.008462Z
COASTAL,CONTRACTORS LLC,,,5216 Bondsor Lane,Richmond,VA,,,Special Financing,Richmond City GIS,Richmond City,Special Financing,2024-04-25,BS,C0050553042,63000,125000,1.984,,,50,2026-09-17T12:19:11.008438Z
BARRERA,MARIA C,,,2036 Broad Rock Blvd,Richmond,VA,,,Special Financing,Richmond City GIS,Richmond City,Special Financing,2024-04-26,BS,C0060508018,176000,230000,1.307,,,50,2026-09-17T12:19:11.008433Z
OPENDOOR,PROPERTY TRUST I,,,3081 Decatur St,Richmond,VA,,,Special Financing,Richmond City GIS,Richmond City,Special Financing,2024-04-29,BS,S0001711014,288000,304200,1.056,,,50,2026-09-17T12:19:11.008424Z
HERNANDEZ,EDGAR G RAMOS,,,3129 Johns Way,Richmond,VA,,,Special Financing,Richmond City GIS,Richmond City,Special Financing,2024-05-01,BS,C0081053068,377000,460000,1.22,,,50,2026-09-17T12:19:11.008414Z
LY,FLOORING LLC,,,811 Overbrook Road,Richmond,VA,,,Special Financing,Richmond City GIS,Richmond City,Special Financing,2024-05-01,BS,N0000632001,262000,276000,1.053,,,50,2026-09-17T12:19:11.008419Z
SER,HOUSES LLC,,,410 N Madison St,Richmond,VA,,,Special Financing,Richmond City GIS,Richmond City,Special Financing,2024-05-06,BS,N0000181013,105000,250000,2.381,,,50,2026-09-17T12:19:11.008402Z
ARGOS,LLC,,,2106 Ridgemont Road,Richmond,VA,,,Special Financing,Richmond City GIS,Richmond City,Special Financing,2024-05-14,BS,S0071634019,140000,135000,0.964,,,50,2026-09-17T12:19:11.008392Z
PETERS,LUKE R AND,,,708 W 25th St,Richmond,VA,,,Special Financing,Richmond City GIS,Richmond City,Special Financing,2024-05-16,BS,S0000703004,291000,275000,0.945,,,50,2026-09-17T12:19:11.008375Z
NORTH,AND WESTWOOD LLC,,,3320 Frank Road,Richmond,VA,,,Special Financing,Richmond City GIS,Richmond City,Special Financing,2024-05-20,BS,S0080745025,132000,135500,1.027,,,50,2026-09-17T12:19:11.008342Z
LOPEZ,PAULINA REYES AND,,,724 Yorkshire Dr,Richmond,VA,,,Special Financing,Richmond City GIS,Richmond City,Special Financing,2024-05-21,WD,C0060727044,192000,230025,1.198,,,50,2026-09-17T12:19:11.008332Z
PRERA,KIARA ALANIS MOYA,,,5513 Troy Road,Richmond,VA,,,Special Financing,Richmond City GIS,Richmond City,Special Financing,2024-05-22,BS,C0080454006,173000,225000,1.301,,,50,2026-09-17T12:19:11.008326Z
LATAM,EQUITY HOLDINGS LLC,,,4500 Kelnor Ave,Richmond,VA,,,Special Financing,Richmond City GIS,Richmond City,Special Financing,2024-05-29,BS,C0060505038,180000,334000,1.856,,,50,2026-09-17T12:19:11.008310Z
ARIZA,SAMUEL,,,5505 A Snead Road,Richmond,VA,,,Special Financing,Richmond City GIS,Richmond City,Special Financing,2024-05-31,BS,C0080694011,23000,237500,10.326,,,50,2026-09-17T12:19:11.008293Z
BASIC,INVESMENT LLC,,,3611 Plainfield Road,Richmond,VA,,,Special Financing,Richmond City GIS,Richmond City,Special Financing,2024-06-04,BS,C0080986005,205000,178000,0.868,,,50,2026-09-17T12:19:11.008276Z
TAPERIA,CRISTIAN N ORTIZ,,,3308 Frank Road,Richmond,VA,,,Special Financing,Richmond City GIS,Richmond City,Special Financing,2024-06-07,WD,S0080745019,155000,175000,1.129,,,50,2026-09-17T12:19:11.008259Z
EARLY,FRANKLIN AND DAVIS LUKE,,,1512 Bowen St,Richmond,VA,,,Special Financing,Richmond City GIS,Richmond City,Special Financing,2024-06-27,BS,S0071282007,167000,155000,0.928,,,50,2026-09-17T12:19:11.008232Z
BLUEY,WOOEY LLC,,,1605 Peter Paul Blvd,Richmond,VA,,,Special Financing,Richmond City GIS,Richmond City,Special Financing,2024-06-27,WD,E0000948003,208000,186000,0.894,,,50,2026-09-17T12:19:11.008237Z
WHITTEN,GLYNN,,,913 Blandy Ave,Richmond,VA,,,Special Financing,Richmond City GIS,Richmond City,Special Financing,2024-07-23,BS,C0050685052,213000,190000,0.892,,,50,2026-09-17T12:19:11.008204Z
MENDEZ,ARTURO J,,,3305 E Broad Rock Road,Richmond,VA,,,Special Financing,Richmond City GIS,Richmond City,Special Financing,2024-07-25,WD,S0002280009,207000,185000,0.894,,,50,2026-09-17T12:19:11.008193Z
SAVVY,BY DESIGN LLC,,,3126 Barton Ave,Richmond,VA,,,Special Financing,Richmond City GIS,Richmond City,Special Financing,2024-08-12,BS,N0001040001,240000,220000,0.917,,,50,2026-09-17T12:19:11.008154Z
PAL,MUR LLC,,,3217 Dorset Road,Richmond,VA,,,Special Financing,Richmond City GIS,Richmond City,Special Financing,2024-08-12,BS,C0080670006,233000,220000,0.944,,,50,2026-09-17T12:19:11.008159Z
BROWN,KATHLEEN,,,1130 Randolph St,Richmond,VA,,,Special Financing,Richmond City GIS,Richmond City,Special Financing,2024-08-20,BS,W0000510022B,181000,181500,1.003,,,50,2026-09-17T12:19:11.008143Z
SOMERVILLE,STEPHEN E AND,,,1919 Cedarhurst Dr,Richmond,VA,,,Special Financing,Richmond City GIS,Richmond City,Special Financing,2024-08-21,BS,C0050227004,472000,439000,0.93,,,50,2026-09-17T12:19:11.008137Z
VEECH,ANDREW STOESSER AND,,,2204 E Broad St,Richmond,VA,,,Special Financing,Richmond City GIS,Richmond City,Special Financing,2024-09-17,BS,E0000258020,826000,910000,1.102,,,50,2026-09-17T12:19:11.008125Z
HOME,SLICE PROPERTIES LLC,,,4312 Amberly Road,Richmond,VA,,,Special Financing,Richmond City GIS,Richmond City,Special Financing,2024-09-30,BS,C0080833006,173000,180000,1.04,,,50,2026-09-17T12:19:11.008120Z
CANVAS,DEVELOPMENT LLC,,,813 Catherine St,Richmond,VA,,,Special Financing,Richmond City GIS,Richmond City,Special Financing,2024-10-01,BS,N0000352001,179000,185000,1.034,,,50,2026-09-17T12:19:11.008114Z
W,A G INVESTMENT LLC,,,1417 Talbert Dr,Richmond,VA,,,Special Financing,Richmond City GIS,Richmond City,Special Financing,2024-10-15,BS,C0090175010,194000,175000,0.902,,,50,2026-09-17T12:19:11.008077Z
W,A G INVESTMENT LLC,,,1413 Talbert Dr,Richmond,VA,,,Special Financing,Richmond City GIS,Richmond City,Special Financing,2024-10-15,BS,C0090175012,55000,175000,3.182,,,50,2026-09-17T12:19:11.008092Z
